Yil,ISO3,Ulke,Avg_Temp,Avg_Precip,Afet_Sayisi,Kuraklik_Sayisi,Sel_Sayisi,Firtina_Sayisi,Asiri_Sicaklik_Sayisi,Toplam_Olum,Toplam_Etkilenen,Toplam_Hasar_1000USD,Goc
2001,AGO,Angola,21.84,1043.69,2,1,1,0,0,106,39928,0,480464
2001,BDI,Burundi,20.58,1374.16,0,0,0,0,0,0,0,0,557901
2001,BEN,Benin,28.0,847.35,0,0,0,0,0,0,0,0,234
2001,BFA,Burkina Faso,29.18,748.43,1,1,0,0,0,0,0,0,332
2001,BWA,Botswana,21.77,426.68,0,0,0,0,0,0,0,0,5
2001,CAF,Central African Rep.,25.26,1376.37,1,0,0,1,0,3,3000,0,29051
2001,CIV,Cote d'Ivoire,26.68,1397.68,0,0,0,0,0,0,0,0,1641
2001,CMR,Cameroon,24.62,1669.98,2,1,1,0,0,30,1500,0,4889
2001,COD,Dem. Rep. of the Congo,24.35,1444.51,2,0,2,0,0,50,13026,0,420399
2001,COG,Congo,24.67,1516.01,0,0,0,0,0,0,0,0,28495
2001,COM,Comoros,23.58,2082.45,0,0,0,0,0,0,0,0,107
2001,CPV,Cabo Verde,22.65,205.07,0,0,0,0,0,0,0,0,24
2001,DJI,Djibouti,28.39,240.39,1,1,0,0,0,0,100000,0,632
2001,ERI,Eritrea,26.64,275.85,0,0,0,0,0,0,0,0,336071
2001,ETH,Ethiopia,23.34,814.13,3,0,3,0,0,5,39500,0,72705
2001,GAB,Gabon,25.12,1749.26,0,0,0,0,0,0,0,0,69
2001,GHA,Ghana,27.65,1105.05,1,0,1,0,0,12,144025,0,15642
2001,GIN,Guinea,25.79,1686.61,1,0,1,0,0,9,220000,0,5866
2001,GMB,Gambia,28.45,875.58,1,0,1,0,0,1,250,0,1033
2001,GNB,Guinea-Bissau,27.89,1560.85,0,0,0,0,0,0,0,0,1665
2001,GNQ,Equatorial Guinea,24.56,2656.46,0,0,0,0,0,0,0,0,561
2001,KEN,Kenya,25.07,638.34,0,0,0,0,0,0,0,0,3264
2001,LBR,Liberia,25.27,2550.19,0,0,0,0,0,0,0,0,250960
2001,LSO,Lesotho,12.03,980.75,2,0,0,2,0,1,2001,0,6
2001,MDG,Madagascar,22.48,1526.77,0,0,0,0,0,0,0,0,41
2001,MLI,Mali,29.22,302.57,2,1,1,0,0,2,3500,0,4178
2001,MOZ,Mozambique,24.21,1138.91,3,1,2,0,0,79,849326,36000,57
2001,MUS,Mauritius,23.24,1715.49,0,0,0,0,0,0,0,0,51
2001,MWI,Malawi,22.5,1158.72,2,0,2,0,0,59,508750,6700,38
2001,NAM,Namibia,20.22,289.68,1,1,0,0,0,0,0,0,2445
2001,NER,Niger,27.74,165.27,2,1,1,0,0,4,3604558,0,893
2001,NGA,Nigeria,27.15,1152.11,3,0,3,0,0,200,89917,3000,10210
2001,RWA,Rwanda,19.35,1371.16,2,0,2,0,0,12,3000,0,110418
2001,SDN,Sudan,27.77,228.2,1,0,1,0,0,3,97000,2000,509755
2001,SEN,Senegal,28.99,634.28,0,0,0,0,0,0,0,0,9786
2001,SLE,Sierra Leone,26.48,2662.4,0,0,0,0,0,0,0,0,188162
2001,SOM,Somalia,26.85,249.22,1,0,1,0,0,0,6500,0,458315
2001,STP,Sao Tome and Principe,24.49,2225.4,0,0,0,0,0,0,0,0,35
2001,SWZ,Eswatini,20.18,888.88,1,1,0,0,0,0,970000,0,20
2001,SYC,Seychelles,26.91,1611.47,0,0,0,0,0,0,0,0,40
2001,TCD,Chad,27.32,325.62,2,1,1,0,0,100,975763,1000,49274
2001,TGO,Togo,27.37,939.11,0,0,0,0,0,0,0,0,6321
2001,TZA,United Rep. of Tanzania,22.86,906.92,1,0,1,0,0,5,200,0,1176
2001,UGA,Uganda,23.43,1248.31,2,0,2,0,0,1,800,0,41076
2001,ZAF,South Africa,17.81,549.45,4,0,2,2,0,19,43308,0,309
2001,ZMB,Zambia,22.12,1091.47,1,0,1,0,0,5,617900,0,158
2001,ZWE,Zimbabwe,21.63,895.46,2,1,1,0,0,13,6030000,3600,2951
2002,AGO,Angola,21.95,1076.96,0,0,0,0,0,0,0,0,449687
2002,BDI,Burundi,20.85,1266.64,2,0,2,0,0,0,8000,0,581988
2002,BEN,Benin,28.12,1027.43,0,0,0,0,0,0,0,0,454
2002,BFA,Burkina Faso,29.46,686.41,0,0,0,0,0,0,0,0,1150
2002,BWA,Botswana,21.95,360.4,0,0,0,0,0,0,0,0,15
2002,CAF,Central African Rep.,25.37,1301.72,0,0,0,0,0,0,0,0,26025
2002,CIV,Cote d'Ivoire,26.87,1288.97,0,0,0,0,0,0,0,0,25419
2002,CMR,Cameroon,24.77,1684.84,0,0,0,0,0,0,0,0,8069
2002,COD,Dem. Rep. of the Congo,24.48,1595.5,1,0,1,0,0,40,2540,0,465433
2002,COG,Congo,24.81,1717.96,1,0,1,0,0,0,53000,0,35011
2002,COM,Comoros,23.58,2204.2,0,0,0,0,0,0,0,0,76
2002,CPV,Cabo Verde,22.58,205.07,1,1,0,0,0,0,30000,0,16
2002,DJI,Djibouti,28.85,185.57,0,0,0,0,0,0,0,0,582
2002,ERI,Eritrea,26.9,252.27,0,0,0,0,0,0,0,0,343993
2002,ETH,Ethiopia,23.71,736.91,1,0,1,0,0,22,4000,0,70291
2002,GAB,Gabon,25.32,2015.8,0,0,0,0,0,0,0,0,86
2002,GHA,Ghana,27.76,1216.53,2,0,2,0,0,4,2200,0,16824
2002,GIN,Guinea,26.13,1614.36,0,0,0,0,0,0,0,0,7221
2002,GMB,Gambia,28.46,680.5,1,1,0,0,0,0,0,0,1144
2002,GNB,Guinea-Bissau,28.04,1193.31,1,1,0,0,0,0,100000,0,1255
2002,GNQ,Equatorial Guinea,24.79,2867.37,0,0,0,0,0,0,0,0,610
2002,KEN,Kenya,25.23,814.71,4,0,4,0,0,85,175008,0,13266
2002,LBR,Liberia,25.47,2487.58,0,0,0,0,0,0,0,0,285973
2002,LSO,Lesotho,12.09,784.92,1,1,0,0,0,0,500000,0,10
2002,MDG,Madagascar,22.53,1590.98,3,1,0,2,0,22,1128100,181,67
2002,MLI,Mali,29.47,263.55,1,0,1,0,0,2,22519,0,4339
2002,MOZ,Mozambique,24.37,855.98,3,1,1,1,0,12,604517,0,179
2002,MUS,Mauritius,23.19,2092.75,1,0,0,1,0,3,1050,50000,57
2002,MWI,Malawi,22.71,986.9,3,1,2,0,0,509,3225775,0,195
2002,NAM,Namibia,20.22,291.62,1,1,0,0,0,0,345000,0,1477
2002,NER,Niger,27.97,149.9,1,0,0,1,0,4,1253,0,1384
2002,NGA,Nigeria,27.32,1166.43,2,0,1,0,1,60,200,0,32210
2002,RWA,Rwanda,19.62,1164.36,1,0,1,0,0,69,20000,0,86288
2002,SDN,Sudan,27.97,220.15,2,0,1,1,0,33,100000,0,522862
2002,SEN,Senegal,29.03,491.29,2,1,1,0,0,28,463000,40979,12850
2002,SLE,Sierra Leone,26.74,2660.95,0,0,0,0,0,0,0,0,148938
2002,SOM,Somalia,27.07,281.98,0,0,0,0,0,0,0,0,448249
2002,STP,Sao Tome and Principe,24.72,2543.41,0,0,0,0,0,0,0,0,41
2002,SWZ,Eswatini,20.34,628.2,0,0,0,0,0,0,0,0,25
2002,SYC,Seychelles,26.88,1895.54,1,0,0,1,0,0,6800,0,71
2002,TCD,Chad,27.49,278.08,0,0,0,0,0,0,0,0,49776
2002,TGO,Togo,27.42,1190.38,0,0,0,0,0,0,0,0,13219
2002,TZA,United Rep. of Tanzania,23.0,1093.99,1,0,1,0,0,9,1200,0,3063
2002,UGA,Uganda,23.73,1259.01,4,1,2,1,0,96,655960,0,42444
2002,ZAF,South Africa,17.86,422.76,5,0,1,4,0,39,103716,14041,453
2002,ZMB,Zambia,22.37,912.38,0,0,0,0,0,0,0,0,256
2002,ZWE,Zimbabwe,21.9,447.21,0,0,0,0,0,0,0,0,5182
2003,AGO,Angola,22.01,1022.52,2,0,2,0,0,15,825,0,341284
2003,BDI,Burundi,20.94,1246.38,1,1,0,0,0,0,0,0,539673
2003,BEN,Benin,28.16,1201.18,0,0,0,0,0,0,0,0,521
2003,BFA,Burkina Faso,29.34,944.19,1,0,1,0,0,0,12120,0,1002
2003,BWA,Botswana,22.21,359.12,0,0,0,0,0,0,0,0,21
2003,CAF,Central African Rep.,25.51,1361.27,1,0,1,0,0,0,240,0,36226
2003,CIV,Cote d'Ivoire,26.88,1406.32,0,0,0,0,0,0,0,0,36919
2003,CMR,Cameroon,24.78,1672.05,0,0,0,0,0,0,0,0,9557
2003,COD,Dem. Rep. of the Congo,24.48,1447.07,4,0,2,2,0,29,24054,0,505407
2003,COG,Congo,24.74,1573.98,0,0,0,0,0,0,0,0,35902
2003,COM,Comoros,23.63,1941.64,1,0,0,1,0,0,300,0,107
2003,CPV,Cabo Verde,22.52,199.88,0,0,0,0,0,0,0,0,18
2003,DJI,Djibouti,28.59,194.31,0,0,0,0,0,0,0,0,590
2003,ERI,Eritrea,26.61,313.48,1,0,1,0,0,0,0,0,148963
2003,ETH,Ethiopia,23.46,781.87,2,1,1,0,0,119,12710000,0,73479
2003,GAB,Gabon,25.26,1856.86,0,0,0,0,0,0,0,0,71
2003,GHA,Ghana,27.79,1282.13,0,0,0,0,0,0,0,0,17528
2003,GIN,Guinea,25.94,1876.71,0,0,0,0,0,0,0,0,7029
2003,GMB,Gambia,28.35,1091.23,1,0,0,1,0,3,8019,0,1085
2003,GNB,Guinea-Bissau,27.89,1772.93,1,0,1,0,0,0,0,0,1193
2003,GNQ,Equatorial Guinea,24.77,2684.15,0,0,0,0,0,0,0,0,636
2003,KEN,Kenya,25.22,650.27,2,0,2,0,0,40,60300,0,14026
2003,LBR,Liberia,25.45,2562.03,0,0,0,0,0,0,0,0,359526
2003,LSO,Lesotho,12.45,647.19,0,0,0,0,0,0,0,0,10
2003,MDG,Madagascar,22.72,1471.56,4,0,1,3,0,105,186120,150000,115
2003,MLI,Mali,29.38,375.53,1,0,1,0,0,0,10000,0,4178
2003,MOZ,Mozambique,24.41,932.78,5,1,3,1,0,58,657513,0,274
2003,MUS,Mauritius,23.37,2182.12,0,0,0,0,0,0,0,0,73
2003,MWI,Malawi,22.73,1002.84,2,0,2,0,0,12,19500,0,1510
2003,NAM,Namibia,20.42,283.66,1,0,1,0,0,2,12000,0,1474
2003,NER,Niger,28.01,205.55,1,0,1,0,0,7,30000,0,1168
2003,NGA,Nigeria,27.35,1277.67,1,0,1,0,0,16,210000,2570,39061
2003,RWA,Rwanda,19.61,1212.18,2,1,1,0,0,0,1007016,0,85401
2003,SDN,Sudan,27.98,271.21,1,0,1,0,0,20,325056,184000,612905
2003,SEN,Senegal,28.89,841.32,1,0,1,0,0,8,7769,0,9178
2003,SLE,Sierra Leone,26.52,2545.79,0,0,0,0,0,0,0,0,77478
2003,SOM,Somalia,27.04,278.86,2,0,2,0,0,1,300,0,419101
2003,STP,Sao Tome and Principe,24.74,2105.09,0,0,0,0,0,0,0,0,41
2003,SWZ,Eswatini,20.64,725.76,0,0,0,0,0,0,0,0,10
2003,SYC,Seychelles,27.0,1865.5,0,0,0,0,0,0,0,0,50
2003,TCD,Chad,27.74,329.91,0,0,0,0,0,0,0,0,54587
2003,TGO,Togo,27.49,1372.32,0,0,0,0,0,0,0,0,16330
2003,TZA,United Rep. of Tanzania,23.21,768.19,2,1,1,0,0,0,1902000,0,4265
2003,UGA,Uganda,23.61,1216.99,2,0,2,0,0,25,2200,0,38058
2003,ZAF,South Africa,18.21,377.38,2,0,1,1,0,1,1100,0,558
2003,ZMB,Zambia,22.45,1020.01,2,0,2,0,0,4,11000,0,355
2003,ZWE,Zimbabwe,21.99,618.13,2,0,1,1,0,10,18000,200000,10625
2004,AGO,Angola,21.78,1059.9,4,1,3,0,0,28,358700,0,238382
2004,BDI,Burundi,20.5,963.82,3,0,1,2,0,0,25500,0,493605
2004,BEN,Benin,28.12,1042.72,0,0,0,0,0,0,0,0,510
2004,BFA,Burkina Faso,29.5,752.78,0,0,0,0,0,0,0,0,687
2004,BWA,Botswana,22.27,423.25,1,0,1,0,0,0,4960,0,12
2004,CAF,Central African Rep.,25.72,1302.25,1,0,1,0,0,3,12702,0,32342
2004,CIV,Cote d'Ivoire,26.86,1304.23,0,0,0,0,0,0,0,0,28391
2004,CMR,Cameroon,24.86,1592.79,0,0,0,0,0,0,0,0,11353
2004,COD,Dem. Rep. of the Congo,24.48,1414.31,0,0,0,0,0,0,0,0,513097
2004,COG,Congo,24.81,1507.59,0,0,0,0,0,0,0,0,35281
2004,COM,Comoros,23.46,1980.38,0,0,0,0,0,0,0,0,569
2004,CPV,Cabo Verde,22.58,201.99,0,0,0,0,0,0,0,0,16
2004,DJI,Djibouti,28.47,222.37,1,0,1,0,0,51,100000,0,528
2004,ERI,Eritrea,26.67,223.91,1,0,1,0,0,0,7013,0,171335
2004,ETH,Ethiopia,23.46,821.35,0,0,0,0,0,0,0,0,76251
2004,GAB,Gabon,25.23,1724.72,0,0,0,0,0,0,0,0,76
2004,GHA,Ghana,27.73,1174.34,0,0,0,0,0,0,0,0,16409
2004,GIN,Guinea,26.09,1820.48,0,0,0,0,0,0,0,0,7256
2004,GMB,Gambia,28.48,840.61,1,0,0,1,0,2,6137,0,1123
2004,GNB,Guinea-Bissau,28.11,1473.15,1,0,1,0,0,3,1000,0,1207
2004,GNQ,Equatorial Guinea,24.71,2641.5,0,0,0,0,0,0,0,0,590
2004,KEN,Kenya,25.04,658.38,3,1,2,0,0,134,2312000,0,15051
2004,LBR,Liberia,25.47,2503.74,0,0,0,0,0,0,0,0,343053
2004,LSO,Lesotho,12.65,754.78,0,0,0,0,0,0,0,0,15
2004,MDG,Madagascar,22.52,1532.53,2,0,0,2,0,395,1032429,250000,146
2004,MLI,Mali,29.47,317.79,0,0,0,0,0,0,0,0,4167
2004,MOZ,Mozambique,24.36,1081.22,0,0,0,0,0,0,0,0,404
2004,MUS,Mauritius,23.26,2082.91,0,0,0,0,0,0,0,0,26
2004,MWI,Malawi,22.64,1156.82,0,0,0,0,0,0,0,0,3032
2004,NAM,Namibia,20.56,287.51,2,0,2,0,0,0,25000,0,1491
2004,NER,Niger,28.15,168.6,0,0,0,0,0,0,0,0,1027
2004,NGA,Nigeria,27.42,1148.16,5,0,5,0,0,94,29900,0,37136
2004,RWA,Rwanda,19.36,848.18,0,0,0,0,0,0,0,0,69146
2004,SDN,Sudan,28.13,198.27,0,0,0,0,0,0,0,0,742581
2004,SEN,Senegal,29.09,630.59,1,0,0,1,0,2,1000,0,9869
2004,SLE,Sierra Leone,26.63,2685.99,1,0,1,0,0,10,0,0,49916
2004,SOM,Somalia,26.89,283.29,2,1,1,0,0,0,201500,0,411814
2004,STP,Sao Tome and Principe,24.53,2121.39,0,0,0,0,0,0,0,0,36
2004,SWZ,Eswatini,20.74,857.61,0,0,0,0,0,0,0,0,16
2004,SYC,Seychelles,26.8,1630.57,0,0,0,0,0,0,0,0,57
2004,TCD,Chad,27.9,348.8,0,0,0,0,0,0,0,0,55185
2004,TGO,Togo,27.33,1235.8,0,0,0,0,0,0,0,0,16274
2004,TZA,United Rep. of Tanzania,22.79,980.3,1,1,0,0,0,0,254000,0,5321
2004,UGA,Uganda,23.67,1166.02,2,0,2,0,0,0,30000,0,35157
2004,ZAF,South Africa,18.5,478.16,2,1,1,0,0,0,15015000,0,803
2004,ZMB,Zambia,22.21,1115.97,1,0,1,0,0,2,196398,0,492
2004,ZWE,Zimbabwe,22.01,781.12,0,0,0,0,0,0,0,0,18955
2005,AGO,Angola,22.14,1011.95,1,0,1,0,0,0,10000,0,224147
2005,BDI,Burundi,20.69,1056.81,2,1,1,0,0,120,2155000,0,446955
2005,BEN,Benin,28.38,988.95,0,0,0,0,0,0,0,0,674
2005,BFA,Burkina Faso,29.66,821.14,0,0,0,0,0,0,0,0,801
2005,BWA,Botswana,22.68,377.64,0,0,0,0,0,0,0,0,8
2005,CAF,Central African Rep.,25.76,1360.22,1,0,1,0,0,1,23805,0,44714
2005,CIV,Cote d'Ivoire,27.04,1260.02,0,0,0,0,0,0,0,0,24681
2005,CMR,Cameroon,24.89,1541.83,1,0,1,0,0,2,0,0,13952
2005,COD,Dem. Rep. of the Congo,24.67,1446.98,1,0,0,1,0,8,5389,0,486869
2005,COG,Congo,24.87,1488.88,1,0,1,0,0,1,2000,0,32596
2005,COM,Comoros,23.79,2036.87,0,0,0,0,0,0,0,0,573
2005,CPV,Cabo Verde,22.73,221.49,0,0,0,0,0,0,0,0,14
2005,DJI,Djibouti,28.58,190.21,1,1,0,0,0,0,150000,0,713
2005,ERI,Eritrea,26.93,308.39,0,0,0,0,0,0,0,0,184188
2005,ETH,Ethiopia,23.53,857.95,5,1,4,0,0,211,2842418,6200,81668
2005,GAB,Gabon,25.27,1647.81,0,0,0,0,0,0,0,0,133
2005,GHA,Ghana,27.98,1151.57,0,0,0,0,0,0,0,0,20748
2005,GIN,Guinea,26.13,1793.17,0,0,0,0,0,0,0,0,9084
2005,GMB,Gambia,28.58,1183.77,0,0,0,0,0,0,0,0,2339
2005,GNB,Guinea-Bissau,28.16,1843.36,0,0,0,0,0,0,0,0,1285
2005,GNQ,Equatorial Guinea,24.74,2008.6,0,0,0,0,0,0,0,0,528
2005,KEN,Kenya,24.95,545.36,4,1,3,0,0,53,3536200,500,16069
2005,LBR,Liberia,25.62,2451.69,0,0,0,0,0,0,0,0,237111
2005,LSO,Lesotho,12.72,663.79,0,0,0,0,0,0,0,0,6
2005,MDG,Madagascar,22.64,1459.72,4,1,2,1,0,107,81602,0,216
2005,MLI,Mali,29.51,324.68,3,1,2,0,0,0,1001860,0,4351
2005,MOZ,Mozambique,24.98,821.08,3,1,2,0,0,16,1447837,0,459
2005,MUS,Mauritius,23.05,2539.07,0,0,0,0,0,0,0,0,39
2005,MWI,Malawi,23.42,880.6,3,1,1,1,0,12,5144508,0,3944
2005,NAM,Namibia,20.61,264.19,0,0,0,0,0,0,0,0,1261
2005,NER,Niger,28.22,206.87,1,1,0,0,0,0,3000000,0,1223
2005,NGA,Nigeria,27.53,1187.66,2,0,2,0,0,60,4004,147,36138
2005,RWA,Rwanda,19.36,973.68,0,0,0,0,0,0,0,0,116109
2005,SDN,Sudan,28.33,256.73,2,0,2,0,0,5,160780,0,707082
2005,SEN,Senegal,29.14,892.54,1,0,1,0,0,0,50000,0,10495
2005,SLE,Sierra Leone,26.67,2480.88,1,0,1,0,0,20,15000,0,46398
2005,SOM,Somalia,26.89,274.85,3,1,2,0,0,14,7520,20,428034
2005,STP,Sao Tome and Principe,24.61,1845.4,0,0,0,0,0,0,0,0,23
2005,SWZ,Eswatini,21.1,706.3,1,0,0,1,0,0,1150,0,17
2005,SYC,Seychelles,27.01,1553.89,0,0,0,0,0,0,0,0,47
2005,TCD,Chad,27.77,376.28,0,0,0,0,0,0,0,0,54498
2005,TGO,Togo,27.63,1139.35,0,0,0,0,0,0,0,0,58558
2005,TZA,United Rep. of Tanzania,23.05,760.62,1,0,1,0,0,1,10548,0,6778
2005,UGA,Uganda,23.64,1072.85,1,1,0,0,0,0,600000,0,38505
2005,ZAF,South Africa,18.47,402.25,0,0,0,0,0,0,0,0,412
2005,ZMB,Zambia,23.1,863.15,2,1,1,0,0,0,1204000,0,624
2005,ZWE,Zimbabwe,22.78,608.36,0,0,0,0,0,0,0,0,28576
2006,AGO,Angola,21.58,1083.29,1,0,1,0,0,0,225,0,208059
2006,BDI,Burundi,20.42,1358.31,7,0,6,1,0,22,16310,0,402052
2006,BEN,Benin,28.21,984.84,0,0,0,0,0,0,0,0,361
2006,BFA,Burkina Faso,29.33,793.1,2,0,2,0,0,0,25610,0,566
2006,BWA,Botswana,21.75,427.33,0,0,0,0,0,0,0,0,37
2006,CAF,Central African Rep.,25.59,1372.8,0,0,0,0,0,0,0,0,73777
2006,CIV,Cote d'Ivoire,26.8,1376.0,0,0,0,0,0,0,0,0,32681
2006,CMR,Cameroon,24.79,1682.13,0,0,0,0,0,0,0,0,13755
2006,COD,Dem. Rep. of the Congo,24.4,1579.92,4,0,3,1,0,4,88036,0,431119
2006,COG,Congo,24.84,1630.7,1,0,1,0,0,6,5000,0,25463
2006,COM,Comoros,23.61,2358.41,0,0,0,0,0,0,0,0,78
2006,CPV,Cabo Verde,22.52,205.07,0,0,0,0,0,0,0,0,44
2006,DJI,Djibouti,28.47,259.87,0,0,0,0,0,0,0,0,585
2006,ERI,Eritrea,26.59,281.03,0,0,0,0,0,0,0,0,198761
2006,ETH,Ethiopia,23.44,875.58,7,0,7,0,0,951,434146,3200,90677
2006,GAB,Gabon,25.28,1781.15,0,0,0,0,0,0,0,0,136
2006,GHA,Ghana,27.8,1165.65,0,0,0,0,0,0,0,0,11081
2006,GIN,Guinea,25.85,1926.74,1,0,1,0,0,0,1200,0,9488
2006,GMB,Gambia,28.28,1015.17,0,0,0,0,0,0,0,0,2255
2006,GNB,Guinea-Bissau,27.88,1811.87,1,1,0,0,0,0,32000,0,1285
2006,GNQ,Equatorial Guinea,24.79,2286.22,0,0,0,0,0,0,0,0,487
2006,KEN,Kenya,25.07,795.37,4,0,4,0,0,212,783300,0,6431
2006,LBR,Liberia,25.51,2611.06,0,0,0,0,0,0,0,0,165543
2006,LSO,Lesotho,12.05,1032.41,0,0,0,0,0,0,0,0,10
2006,MDG,Madagascar,22.53,1494.32,2,0,0,2,0,4,6516,0,280
2006,MLI,Mali,29.14,324.49,2,1,1,0,0,1,26000,0,4497
2006,MOZ,Mozambique,24.41,913.2,0,0,0,0,0,0,0,0,222
2006,MUS,Mauritius,23.22,2292.02,0,0,0,0,0,0,0,0,96
2006,MWI,Malawi,22.67,979.38,2,0,2,0,0,8,16000,0,155
2006,NAM,Namibia,20.29,424.56,2,0,2,0,0,5,2300,8490,1210
2006,NER,Niger,28.16,174.49,1,0,1,0,0,4,46472,0,1273
2006,NGA,Nigeria,27.48,1182.63,3,0,3,0,0,40,13000,0,21603
2006,RWA,Rwanda,19.24,1311.35,0,0,0,0,0,0,0,0,101570
2006,SDN,Sudan,27.99,261.6,3,0,3,0,0,27,167000,0,702925
2006,SEN,Senegal,28.83,712.85,0,0,0,0,0,0,0,0,16379
2006,SLE,Sierra Leone,26.76,2994.82,0,0,0,0,0,0,0,0,48473
2006,SOM,Somalia,26.93,288.31,4,0,4,0,0,97,486500,0,488036
2006,STP,Sao Tome and Principe,24.67,1949.6,0,0,0,0,0,0,0,0,30
2006,SWZ,Eswatini,20.43,858.47,1,0,0,1,0,1,6535,0,21
2006,SYC,Seychelles,27.0,1558.9,0,0,0,0,0,0,0,0,66
2006,TCD,Chad,27.78,365.18,1,0,1,0,0,52,0,0,39716
2006,TGO,Togo,27.54,1135.89,1,0,1,0,0,0,2000,0,33906
2006,TZA,United Rep. of Tanzania,22.75,1137.01,3,1,2,0,0,0,3721528,0,1870
2006,UGA,Uganda,23.54,1302.27,2,0,2,0,0,3,5680,0,23079
2006,ZAF,South Africa,17.92,576.74,2,0,2,0,0,12,7160,216000,650
2006,ZMB,Zambia,22.0,1038.52,0,0,0,0,0,0,0,0,264
2006,ZWE,Zimbabwe,21.86,756.21,0,0,0,0,0,0,0,0,13981
2007,AGO,Angola,21.56,1045.72,2,0,2,0,0,105,46000,0,186925
2007,BDI,Burundi,20.46,1269.4,2,0,2,0,0,5,25701,0,382760
2007,BEN,Benin,28.18,1130.88,1,0,1,0,0,10,10884,0,420
2007,BFA,Burkina Faso,29.41,875.37,1,0,1,0,0,52,121043,0,811
2007,BWA,Botswana,22.0,362.0,0,0,0,0,0,0,0,0,69
2007,CAF,Central African Rep.,25.59,1375.08,1,0,1,0,0,1,7812,0,99425
2007,CIV,Cote d'Ivoire,26.89,1258.91,1,0,1,0,0,0,2000,0,29638
2007,CMR,Cameroon,24.82,1716.24,1,0,1,0,0,8,10296,0,14472
2007,COD,Dem. Rep. of the Congo,24.42,1505.88,1,0,1,0,0,32,1600,0,406663
2007,COG,Congo,24.78,1665.34,1,0,1,0,0,0,25000,0,25798
2007,COM,Comoros,23.92,1797.83,0,0,0,0,0,0,0,0,134
2007,CPV,Cabo Verde,22.53,205.07,0,0,0,0,0,0,0,0,33
2007,DJI,Djibouti,28.31,194.77,1,1,0,0,0,0,42750,0,672
2007,ERI,Eritrea,26.44,304.37,0,0,0,0,0,0,0,0,220924
2007,ETH,Ethiopia,23.3,853.83,2,0,2,0,0,17,245386,0,89314
2007,GAB,Gabon,25.26,2233.58,0,0,0,0,0,0,0,0,137
2007,GHA,Ghana,27.79,1324.21,1,0,1,0,0,56,332600,0,6678
2007,GIN,Guinea,25.99,1634.94,1,0,1,0,0,0,20685,0,10193
2007,GMB,Gambia,28.38,903.66,1,0,1,0,0,0,300,0,2253
2007,GNB,Guinea-Bissau,28.01,1501.8,0,0,0,0,0,0,0,0,1265
2007,GNQ,Equatorial Guinea,24.75,3540.24,0,0,0,0,0,0,0,0,431
2007,KEN,Kenya,24.95,711.56,3,0,3,0,0,19,42651,0,9261
2007,LBR,Liberia,25.58,2385.61,2,0,1,1,0,1,20500,0,95060
2007,LSO,Lesotho,12.5,784.58,1,1,0,0,0,0,475000,0,17
2007,MDG,Madagascar,22.62,1485.5,3,0,1,2,0,88,255511,240000,287
2007,MLI,Mali,29.3,312.06,2,0,2,0,0,18,88858,0,5114
2007,MOZ,Mozambique,24.49,988.25,6,1,4,1,0,64,1084805,171000,891
2007,MUS,Mauritius,23.24,2053.13,1,0,0,1,0,2,0,0,82
2007,MWI,Malawi,22.71,1095.19,5,1,4,0,0,2,721965,0,8277
2007,NAM,Namibia,20.34,275.96,1,0,1,0,0,7,15000,0,1139
2007,NER,Niger,28.17,184.96,1,0,1,0,0,7,57274,0,1078
2007,NGA,Nigeria,27.45,1186.87,3,0,3,0,0,91,55000,0,23623
2007,RWA,Rwanda,19.28,1285.08,2,0,2,0,0,30,4500,9,89188
2007,SDN,Sudan,27.87,310.81,1,0,1,0,0,150,565335,300000,542435
2007,SEN,Senegal,28.99,657.86,1,0,1,0,0,8,5300,0,16774
2007,SLE,Sierra Leone,26.78,2525.26,1,0,1,0,0,0,4500,0,36768
2007,SOM,Somalia,26.86,294.22,2,0,2,0,0,25,10012,0,473769
2007,STP,Sao Tome and Principe,24.62,2797.32,0,0,0,0,0,0,0,0,32
2007,SWZ,Eswatini,20.65,713.55,1,1,0,0,0,0,410000,0,85
2007,SYC,Seychelles,27.26,1388.32,0,0,0,0,0,0,0,0,62
2007,TCD,Chad,27.67,375.34,3,0,2,1,0,29,173145,0,58365
2007,TGO,Togo,27.48,1344.27,1,0,1,0,0,41,141331,0,23782
2007,TZA,United Rep. of Tanzania,22.75,919.95,0,0,0,0,0,0,0,0,4156
2007,UGA,Uganda,23.58,1432.17,2,0,2,0,0,33,721045,71,24455
2007,ZAF,South Africa,18.24,430.35,2,0,1,0,1,22,38000,0,582
2007,ZMB,Zambia,22.08,976.79,3,0,3,0,0,14,1553521,0,684
2007,ZWE,Zimbabwe,21.96,709.09,4,1,2,1,0,27,2117000,1200,48684
2008,AGO,Angola,21.53,1061.3,1,0,1,0,0,7,81400,0,172108
2008,BDI,Burundi,20.31,1186.64,3,1,2,0,0,9,85775,0,288212
2008,BEN,Benin,27.83,1188.37,1,0,1,0,0,15,158235,0,494
2008,BFA,Burkina Faso,28.94,822.68,2,0,2,0,0,6,4870,0,1029
2008,BWA,Botswana,22.13,407.69,0,0,0,0,0,0,0,0,177
2008,CAF,Central African Rep.,25.49,1329.62,1,0,1,0,0,0,795,0,126303
2008,CIV,Cote d'Ivoire,26.57,1322.9,1,0,1,0,0,6,450,0,28677
2008,CMR,Cameroon,24.63,1620.18,1,0,1,0,0,9,25000,0,16763
2008,COD,Dem. Rep. of the Congo,24.31,1500.29,2,0,1,1,0,25,510,0,404268
2008,COG,Congo,24.64,1779.44,0,0,0,0,0,0,0,0,24971
2008,COM,Comoros,23.54,2109.89,0,0,0,0,0,0,0,0,412
2008,CPV,Cabo Verde,22.67,205.07,0,0,0,0,0,0,0,0,27
2008,DJI,Djibouti,28.19,185.94,1,1,0,0,0,0,340000,0,693
2008,ERI,Eritrea,26.74,250.04,1,1,0,0,0,0,1700000,0,201645
2008,ETH,Ethiopia,23.26,852.93,4,1,3,0,0,45,6516440,0,95369
2008,GAB,Gabon,25.11,1970.77,0,0,0,0,0,0,0,0,155
2008,GHA,Ghana,27.49,1356.38,1,0,1,0,0,0,58000,0,15221
2008,GIN,Guinea,25.77,1820.61,1,0,1,0,0,0,4200,0,11493
2008,GMB,Gambia,28.41,1172.32,2,0,1,1,0,0,700,0,2464
2008,GNB,Guinea-Bissau,27.98,1904.39,1,0,1,0,0,0,750,0,1309
2008,GNQ,Equatorial Guinea,24.59,2659.9,0,0,0,0,0,0,0,0,429
2008,KEN,Kenya,24.91,703.07,7,1,6,0,0,59,3862438,0,11879
2008,LBR,Liberia,25.17,2434.53,1,0,1,0,0,0,340,0,77602
2008,LSO,Lesotho,12.58,793.2,1,0,0,1,0,0,4500,0,22
2008,MDG,Madagascar,22.37,1523.35,4,1,0,3,0,105,1253166,60000,298
2008,MLI,Mali,28.91,339.76,1,0,1,0,0,0,2500,0,2489
2008,MOZ,Mozambique,24.32,967.56,3,1,1,1,0,34,723513,20000,876
2008,MUS,Mauritius,23.18,2175.83,0,0,0,0,0,0,0,0,41
2008,MWI,Malawi,22.54,1081.37,1,0,1,0,0,0,16380,0,8309
2008,NAM,Namibia,20.46,283.21,1,0,1,0,0,42,65000,0,999
2008,NER,Niger,27.7,185.41,1,0,1,0,0,7,32000,0,1053
2008,NGA,Nigeria,27.1,1205.14,0,0,0,0,0,0,0,0,24619
2008,RWA,Rwanda,19.17,1092.57,1,0,1,0,0,0,11346,0,78617
2008,SDN,Sudan,28.17,232.19,0,0,0,0,0,0,0,0,437772
2008,SEN,Senegal,28.96,832.86,1,0,1,0,0,1,23600,0,16812
2008,SLE,Sierra Leone,26.5,2649.32,0,0,0,0,0,0,0,0,35132
2008,SOM,Somalia,26.7,276.87,2,1,1,0,0,0,3352000,0,581664
2008,STP,Sao Tome and Principe,24.49,2396.0,0,0,0,0,0,0,0,0,32
2008,SWZ,Eswatini,20.6,797.04,1,0,1,0,0,0,2500,0,123
2008,SYC,Seychelles,26.92,1454.91,0,0,0,0,0,0,0,0,65
2008,TCD,Chad,27.62,363.1,2,0,2,0,0,0,14450,0,58423
2008,TGO,Togo,27.21,1386.57,1,0,1,0,0,6,44814,0,17853
2008,TZA,United Rep. of Tanzania,22.59,914.57,4,0,2,2,0,73,10134,0,4160
2008,UGA,Uganda,23.52,1244.06,2,1,1,0,0,49,1130040,0,10660
2008,ZAF,South Africa,18.37,446.49,2,0,1,1,0,16,7576,1264,587
2008,ZMB,Zambia,21.93,1026.97,1,0,1,0,0,4,15000,0,681
2008,ZWE,Zimbabwe,21.91,597.52,0,0,0,0,0,0,0,0,51600
2009,AGO,Angola,21.69,1062.04,3,0,3,0,0,62,225065,0,141702
2009,BDI,Burundi,20.7,1215.15,2,1,1,0,0,0,188000,0,99066
2009,BEN,Benin,28.37,1098.34,3,0,2,1,0,10,120457,0,608
2009,BFA,Burkina Faso,29.63,872.05,2,0,2,0,0,9,151500,150000,1360
2009,BWA,Botswana,22.25,406.07,3,0,2,1,0,0,5056,0,227
2009,CAF,Central African Rep.,25.88,1372.15,3,0,1,2,0,4,23972,0,160394
2009,CIV,Cote d'Ivoire,26.88,1357.96,0,0,0,0,0,0,0,0,28410
2009,CMR,Cameroon,24.91,1555.39,0,0,0,0,0,0,0,0,16991
2009,COD,Dem. Rep. of the Congo,24.48,1531.79,1,0,1,0,0,0,5000,0,486956
2009,COG,Congo,24.78,1683.59,0,0,0,0,0,0,0,0,23753
2009,COM,Comoros,23.9,1878.23,1,0,1,0,0,2,2500,0,273
2009,CPV,Cabo Verde,22.43,205.07,1,0,1,0,0,3,150,0,22
2009,DJI,Djibouti,29.0,185.46,0,0,0,0,0,0,0,0,772
2009,ERI,Eritrea,27.28,212.59,0,0,0,0,0,0,0,0,223543
2009,ETH,Ethiopia,23.92,774.65,1,1,0,0,0,0,6200000,0,111610
2009,GAB,Gabon,25.22,1947.78,1,0,0,1,0,0,800,0,178
2009,GHA,Ghana,27.88,1252.99,2,0,2,0,0,40,159545,0,16195
2009,GIN,Guinea,25.87,1739.39,1,0,1,0,0,2,40000,0,13731
2009,GMB,Gambia,28.09,1109.73,2,0,1,1,0,5,16608,0,3121
2009,GNB,Guinea-Bissau,27.7,1722.31,0,0,0,0,0,0,0,0,1417
2009,GNQ,Equatorial Guinea,24.73,2345.74,0,0,0,0,0,0,0,0,373
2009,KEN,Kenya,25.49,682.9,2,0,2,0,0,56,136200,0,12584
2009,LBR,Liberia,25.32,2448.28,1,0,1,0,0,2,584,0,73796
2009,LSO,Lesotho,12.39,853.59,0,0,0,0,0,0,0,0,10
2009,MDG,Madagascar,22.62,1528.3,3,0,0,3,0,27,130799,5000,302
2009,MLI,Mali,29.52,335.27,1,0,1,0,0,25,20406,0,3686
2009,MOZ,Mozambique,24.42,913.08,2,0,1,1,0,0,14028,3000,135
2009,MUS,Mauritius,23.65,2182.96,0,0,0,0,0,0,0,0,37
2009,MWI,Malawi,22.59,1101.74,0,0,0,0,0,0,0,0,168
2009,NAM,Namibia,20.74,348.07,1,0,1,0,0,92,350000,0,961
2009,NER,Niger,28.75,163.6,2,1,1,0,0,3,7979129,0,1095
2009,NGA,Nigeria,27.78,1152.54,2,0,2,0,0,31,150000,0,25246
2009,RWA,Rwanda,19.61,1210.31,0,0,0,0,0,0,0,0,133900
2009,SDN,Sudan,28.63,196.74,1,0,1,0,0,20,111455,0,385079
2009,SEN,Senegal,28.72,812.67,1,0,1,0,0,6,264000,0,16922
2009,SLE,Sierra Leone,26.44,2650.97,1,0,1,0,0,103,1470,0,23003
2009,SOM,Somalia,27.22,260.49,1,0,1,0,0,0,1750,0,699355
2009,STP,Sao Tome and Principe,24.57,2214.74,0,0,0,0,0,0,0,0,32
2009,SWZ,Eswatini,20.56,859.71,0,0,0,0,0,0,0,0,81
2009,SYC,Seychelles,27.31,1625.25,0,0,0,0,0,0,0,0,54
2009,TCD,Chad,28.23,333.95,3,1,2,0,0,6,2412915,0,57308
2009,TGO,Togo,27.58,1314.06,1,0,1,0,0,0,0,0,19322
2009,TZA,United Rep. of Tanzania,22.92,919.28,3,0,2,1,0,38,50605,0,1395
2009,UGA,Uganda,24.04,1191.46,0,0,0,0,0,0,0,0,8441
2009,ZAF,South Africa,18.29,483.49,3,0,2,1,0,32,20300,0,542
2009,ZMB,Zambia,22.03,1045.39,1,0,1,0,0,31,614814,0,247
2009,ZWE,Zimbabwe,22.03,680.87,0,0,0,0,0,0,0,0,23835
2010,AGO,Angola,21.87,1039.62,3,0,3,0,0,25,189781,0,135561
2010,BDI,Burundi,20.84,1282.91,3,0,2,1,0,9,3490,0,91547
2010,BEN,Benin,28.58,1129.99,1,0,1,0,0,46,831000,0,663
2010,BFA,Burkina Faso,29.71,897.93,1,0,1,0,0,16,133362,176,1640
2010,BWA,Botswana,22.33,511.61,0,0,0,0,0,0,0,0,241
2010,CAF,Central African Rep.,25.93,1396.37,1,0,1,0,0,3,1585,0,166406
2010,CIV,Cote d'Ivoire,27.2,1575.21,2,0,2,0,0,18,6425,0,47761
2010,CMR,Cameroon,25.06,1624.26,1,0,1,0,0,13,3095,0,17029
2010,COD,Dem. Rep. of the Congo,24.67,1482.46,2,0,2,0,0,0,70500,0,519773
2010,COG,Congo,25.02,1617.62,0,0,0,0,0,0,0,0,23681
2010,COM,Comoros,23.89,2133.77,0,0,0,0,0,0,0,0,370
2010,CPV,Cabo Verde,22.92,205.07,0,0,0,0,0,0,0,0,22
2010,DJI,Djibouti,28.59,226.98,1,1,0,0,0,0,200258,0,782
2010,ERI,Eritrea,27.54,278.65,0,0,0,0,0,0,0,0,236026
2010,ETH,Ethiopia,23.68,858.67,2,0,2,0,0,19,80700,0,117728
2010,GAB,Gabon,25.45,1778.25,2,0,0,2,0,0,3530,0,204
2010,GHA,Ghana,28.12,1333.11,2,0,2,0,0,63,17174,0,22171
2010,GIN,Guinea,26.25,2018.47,2,0,2,0,0,8,48026,0,14747
2010,GMB,Gambia,28.86,1192.71,2,0,2,0,0,9,38961,0,3277
2010,GNB,Guinea-Bissau,28.41,1888.05,1,0,1,0,0,2,56792,0,1455
2010,GNQ,Equatorial Guinea,24.9,2134.3,0,0,0,0,0,0,0,0,378
2010,KEN,Kenya,25.28,676.03,2,0,2,0,0,194,211164,0,10234
2010,LBR,Liberia,25.81,2712.45,1,0,1,0,0,1,15486,0,72042
2010,LSO,Lesotho,12.76,960.41,0,0,0,0,0,0,0,0,10
2010,MDG,Madagascar,22.95,1402.91,1,0,0,1,0,120,192132,0,284
2010,MLI,Mali,29.74,396.66,3,1,2,0,0,0,632000,0,4044
2010,MOZ,Mozambique,24.75,907.44,2,1,1,0,0,5,477000,0,131
2010,MUS,Mauritius,23.7,2222.76,0,0,0,0,0,0,0,0,65
2010,MWI,Malawi,23.08,902.93,1,0,1,0,0,0,21290,0,228
2010,NAM,Namibia,20.63,279.02,1,0,1,0,0,8,110000,0,1358
2010,NER,Niger,28.87,187.91,2,0,2,0,0,5,233226,0,1113
2010,NGA,Nigeria,27.91,1236.47,1,0,1,0,0,40,1500200,30000,27557
2010,RWA,Rwanda,19.6,1337.53,0,0,0,0,0,0,0,0,125821
2010,SDN,Sudan,29.17,258.16,2,0,2,0,0,36,26362,0,410964
2010,SEN,Senegal,29.46,922.27,2,0,2,0,0,2,102516,0,17777
2010,SLE,Sierra Leone,26.8,2723.68,1,0,1,0,0,0,234,0,14518
2010,SOM,Somalia,26.93,259.79,3,1,2,0,0,20011,4016200,0,792952
2010,STP,Sao Tome and Principe,24.78,1842.25,0,0,0,0,0,0,0,0,32
2010,SWZ,Eswatini,20.92,698.55,0,0,0,0,0,0,0,0,82
2010,SYC,Seychelles,27.41,1524.64,0,0,0,0,0,0,0,0,47
2010,TCD,Chad,28.47,368.77,1,0,1,0,0,24,144579,0,56377
2010,TGO,Togo,27.82,1395.18,2,0,2,0,0,22,111550,0,19331
2010,TZA,United Rep. of Tanzania,23.13,861.89,0,0,0,0,0,0,0,0,1329
2010,UGA,Uganda,23.81,1380.93,0,0,0,0,0,0,0,0,7350
2010,ZAF,South Africa,18.61,484.23,1,0,0,1,0,40,6000,0,584
2010,ZMB,Zambia,22.55,1056.2,1,0,1,0,0,0,1200,0,263
2010,ZWE,Zimbabwe,22.24,717.43,2,1,1,0,0,0,1668438,0,25081
2011,AGO,Angola,21.49,1086.99,4,0,4,0,0,130,90684,0,129430
2011,BDI,Burundi,20.39,1497.03,3,1,1,1,0,12,735,0,273033
2011,BEN,Benin,28.3,973.5,1,0,1,0,0,0,5840,0,729
2011,BFA,Burkina Faso,29.57,736.4,1,1,0,0,0,0,2850000,0,1599
2011,BWA,Botswana,21.81,481.77,1,0,1,0,0,0,0,0,256
2011,CAF,Central African Rep.,25.49,1369.37,2,0,1,1,0,1,4766,0,164654
2011,CIV,Cote d'Ivoire,26.9,1342.14,0,0,0,0,0,0,0,0,173015
2011,CMR,Cameroon,24.75,1545.36,0,0,0,0,0,0,0,0,17629
2011,COD,Dem. Rep. of the Congo,24.25,1502.24,2,0,2,0,0,0,8000,0,544119
2011,COG,Congo,24.61,1647.45,0,0,0,0,0,0,0,0,23431
2011,COM,Comoros,23.81,2510.8,0,0,0,0,0,0,0,0,448
2011,CPV,Cabo Verde,22.51,146.39,0,0,0,0,0,0,0,0,27
2011,DJI,Djibouti,28.47,217.37,0,0,0,0,0,0,0,0,870
2011,ERI,Eritrea,26.8,236.1,0,0,0,0,0,0,0,0,266539
2011,ETH,Ethiopia,23.47,846.8,2,1,1,0,0,0,4845879,0,109428
2011,GAB,Gabon,25.06,1911.31,0,0,0,0,0,0,0,0,215
2011,GHA,Ghana,27.85,1209.73,2,0,2,0,0,20,94044,0,22826
2011,GIN,Guinea,26.01,1724.73,1,0,1,0,0,0,20143,0,17805
2011,GMB,Gambia,28.33,898.68,0,0,0,0,0,0,0,0,3751
2011,GNB,Guinea-Bissau,27.95,1488.63,0,0,0,0,0,0,0,0,1604
2011,GNQ,Equatorial Guinea,24.55,2265.96,0,0,0,0,0,0,0,0,298
2011,KEN,Kenya,25.12,720.17,5,2,3,0,0,33,8150692,0,10321
2011,LBR,Liberia,25.47,2622.82,0,0,0,0,0,0,0,0,68736
2011,LSO,Lesotho,12.08,946.77,3,1,2,0,0,26,730515,0,163
2011,MDG,Madagascar,22.81,1378.08,1,0,0,1,0,35,115215,0,298
2011,MLI,Mali,29.49,294.21,2,1,1,0,0,1,3515415,0,4678
2011,MOZ,Mozambique,24.28,999.4,3,0,2,1,0,23,63946,0,493
2011,MUS,Mauritius,23.66,2136.55,0,0,0,0,0,0,0,0,143
2011,MWI,Malawi,22.46,1152.15,3,0,3,0,0,4,83587,0,3179
2011,NAM,Namibia,20.39,498.19,1,0,1,0,0,108,500000,12000,2159
2011,NER,Niger,28.35,160.3,3,1,2,0,0,16,3041175,0,1095
2011,NGA,Nigeria,27.52,1050.74,5,0,4,1,0,185,30927,4500,27659
2011,RWA,Rwanda,19.17,1379.66,1,0,1,0,0,14,3608,0,116087
2011,SDN,Sudan,27.92,223.2,1,0,0,1,0,20,30,0,531451
2011,SEN,Senegal,28.93,652.66,2,1,1,0,0,0,855220,0,18636
2011,SLE,Sierra Leone,26.52,2660.77,1,0,1,0,0,21,0,0,11039
2011,SOM,Somalia,26.93,294.2,1,0,1,0,0,0,2800,0,1108316
2011,SSD,South Sudan,28.25,967.28,0,0,0,0,0,0,0,0,5
2011,STP,Sao Tome and Principe,24.42,2146.21,0,0,0,0,0,0,0,0,32
2011,SWZ,Eswatini,20.48,801.99,0,0,0,0,0,0,0,0,170
2011,SYC,Seychelles,27.28,1438.54,0,0,0,0,0,0,0,0,39
2011,TCD,Chad,27.73,351.92,0,0,0,0,0,0,0,0,45741
2011,TGO,Togo,27.54,1184.88,0,0,0,0,0,0,0,0,20827
2011,TZA,United Rep. of Tanzania,22.74,979.66,4,1,3,0,0,37,1065976,0,1707
2011,UGA,Uganda,23.39,1350.91,3,1,1,1,0,50,732122,0,7628
2011,ZAF,South Africa,17.94,554.07,3,0,1,2,0,46,206644,221000,622
2011,ZMB,Zambia,21.94,981.02,1,0,1,0,0,0,1375,0,416
2011,ZWE,Zimbabwe,21.72,766.49,1,0,1,0,0,0,0,0,61718
2012,AGO,Angola,21.56,1071.81,1,1,0,0,0,0,1833900,0,116809
2012,BDI,Burundi,20.37,969.16,0,0,0,0,0,0,0,0,248567
2012,BEN,Benin,27.99,1001.19,1,0,1,0,0,4,55000,0,879
2012,BFA,Burkina Faso,29.15,921.43,1,0,1,0,0,18,21000,0,1962
2012,BWA,Botswana,22.0,399.36,0,0,0,0,0,0,0,0,251
2012,CAF,Central African Rep.,25.45,1418.0,2,0,0,2,0,0,3893,0,166466
2012,CIV,Cote d'Ivoire,26.6,1235.09,0,0,0,0,0,0,0,0,111901
2012,CMR,Cameroon,24.72,1653.73,3,1,2,0,0,25,63980,2000,16740
2012,COD,Dem. Rep. of the Congo,24.22,1504.65,1,0,1,0,0,1,4535,0,567945
2012,COG,Congo,24.71,1618.76,2,0,2,0,0,19,9614,0,14922
2012,COM,Comoros,23.72,2284.27,1,0,1,0,0,4,65137,5000,503
2012,CPV,Cabo Verde,22.59,167.3,0,0,0,0,0,0,0,0,32
2012,DJI,Djibouti,28.49,238.86,0,0,0,0,0,0,0,0,925
2012,ERI,Eritrea,26.9,201.14,0,0,0,0,0,0,0,0,305900
2012,ETH,Ethiopia,23.41,879.96,1,1,0,0,0,0,1000000,0,120136
2012,GAB,Gabon,25.18,2057.4,1,0,1,0,0,1,77845,0,245
2012,GHA,Ghana,27.58,1253.77,0,0,0,0,0,0,0,0,27738
2012,GIN,Guinea,25.66,1821.97,0,0,0,0,0,0,0,0,23566
2012,GMB,Gambia,28.24,1202.43,1,1,0,0,0,0,428000,0,4816
2012,GNB,Guinea-Bissau,27.83,1829.15,0,0,0,0,0,0,0,0,2071
2012,GNQ,Equatorial Guinea,24.63,2915.01,0,0,0,0,0,0,0,0,308
2012,KEN,Kenya,24.86,825.07,1,0,1,0,0,73,280670,100000,10490
2012,LBR,Liberia,25.22,2222.24,0,0,0,0,0,0,0,0,25449
2012,LSO,Lesotho,12.37,749.18,0,0,0,0,0,0,0,0,284
2012,MDG,Madagascar,22.76,1392.21,3,0,0,3,0,112,335599,100000,326
2012,MLI,Mali,29.0,365.08,0,0,0,0,0,0,0,0,151779
2012,MOZ,Mozambique,24.43,955.21,3,0,0,3,0,33,110000,0,1020
2012,MUS,Mauritius,23.55,1655.88,0,0,0,0,0,0,0,0,171
2012,MWI,Malawi,22.53,1025.15,4,1,2,1,0,4,1996735,0,4816
2012,NAM,Namibia,20.31,324.72,1,0,1,0,0,0,650,0,1668
2012,NER,Niger,28.17,217.37,1,0,1,0,0,91,530952,184115,1178
2012,NGA,Nigeria,27.35,1240.1,2,0,1,1,0,378,7015867,501000,32176
2012,RWA,Rwanda,19.02,1085.72,1,0,1,0,0,5,11160,0,107640
2012,SDN,Sudan,28.14,272.57,2,1,1,0,0,35,3335135,0,590455
2012,SEN,Senegal,28.8,877.73,1,0,1,0,0,19,57000,10000,21365
2012,SLE,Sierra Leone,26.31,2658.32,0,0,0,0,0,0,0,0,10103
2012,SOM,Somalia,26.89,269.23,3,1,2,0,0,31,3032200,0,1170389
2012,SSD,South Sudan,27.91,978.51,2,0,2,0,0,47,157000,0,105683
2012,STP,Sao Tome and Principe,24.54,2539.57,0,0,0,0,0,0,0,0,31
2012,SWZ,Eswatini,20.9,945.79,0,0,0,0,0,0,0,0,225
2012,SYC,Seychelles,27.2,1403.54,0,0,0,0,0,0,0,0,30
2012,TCD,Chad,27.67,403.59,3,1,2,0,0,20,2213631,10000,43432
2012,TGO,Togo,27.27,1203.81,0,0,0,0,0,0,0,0,18701
2012,TZA,United Rep. of Tanzania,22.73,792.67,1,0,1,0,0,10,0,0,1916
2012,UGA,Uganda,22.97,1382.4,1,0,1,0,0,0,15000,0,8664
2012,ZAF,South Africa,18.14,468.73,2,0,1,1,0,13,126350,200000,634
2012,ZMB,Zambia,22.05,1126.03,0,0,0,0,0,0,0,0,484
2012,ZWE,Zimbabwe,21.9,613.24,0,0,0,0,0,0,0,0,63805
2013,AGO,Angola,21.56,1004.4,1,0,1,0,0,9,1000,0,108502
2013,BDI,Burundi,20.55,1244.55,0,0,0,0,0,0,0,0,249288
2013,BEN,Benin,28.19,940.91,1,0,1,0,0,0,32735,0,795
2013,BFA,Burkina Faso,29.4,798.55,1,0,1,0,0,2,11396,0,2515
2013,BWA,Botswana,21.92,406.49,1,0,1,0,0,12,4210,0,266
2013,CAF,Central African Rep.,25.56,1428.47,2,0,1,1,0,0,41737,0,260313
2013,CIV,Cote d'Ivoire,26.83,1166.54,0,0,0,0,0,0,0,0,96635
2013,CMR,Cameroon,24.82,1579.45,1,0,1,0,0,0,805,0,15625
2013,COD,Dem. Rep. of the Congo,24.29,1536.14,0,0,0,0,0,0,0,0,564991
2013,COG,Congo,24.78,1598.65,0,0,0,0,0,0,0,0,15017
2013,COM,Comoros,23.87,1746.49,0,0,0,0,0,0,0,0,827
2013,CPV,Cabo Verde,22.66,187.77,0,0,0,0,0,0,0,0,39
2013,DJI,Djibouti,28.82,278.51,0,0,0,0,0,0,0,0,1138
2013,ERI,Eritrea,27.17,254.86,0,0,0,0,0,0,0,0,337139
2013,ETH,Ethiopia,23.72,896.71,1,0,1,0,0,0,51500,2200,129602
2013,GAB,Gabon,25.2,1950.79,0,0,0,0,0,0,0,0,284
2013,GHA,Ghana,27.76,1102.08,1,0,1,0,0,5,25000,0,26025
2013,GIN,Guinea,25.93,1842.54,1,0,1,0,0,0,11106,0,26163
2013,GMB,Gambia,28.47,1038.71,1,0,1,0,0,2,3300,0,7199
2013,GNB,Guinea-Bissau,28.02,1710.31,0,0,0,0,0,0,0,0,2415
2013,GNQ,Equatorial Guinea,24.66,2309.27,0,0,0,0,0,0,0,0,256
2013,KEN,Kenya,25.1,765.82,4,0,4,0,0,128,115800,36000,10772
2013,LBR,Liberia,25.4,2424.01,0,0,0,0,0,0,0,0,19742
2013,LSO,Lesotho,12.35,631.85,0,0,0,0,0,0,0,0,686
2013,MDG,Madagascar,22.7,1510.68,2,0,0,2,0,51,44879,25000,466
2013,MLI,Mali,29.26,336.12,2,0,2,0,0,37,46000,0,159341
2013,MOZ,Mozambique,24.29,1003.0,1,0,1,0,0,119,240000,30000,1478
2013,MUS,Mauritius,23.55,2024.96,1,0,1,0,0,11,82,2000,192
2013,MWI,Malawi,22.47,1025.91,1,0,1,0,0,3,33000,0,4588
2013,NAM,Namibia,20.62,230.87,2,1,1,0,0,0,794500,64000,1414
2013,NER,Niger,28.29,185.75,2,0,2,0,0,32,181029,64724,1093
2013,NGA,Nigeria,27.52,1069.15,1,0,1,0,0,19,81506,0,52505
2013,RWA,Rwanda,19.2,1208.98,0,0,0,0,0,0,0,0,96387
2013,SDN,Sudan,28.47,252.77,1,0,1,0,0,76,500133,7000,677314
2013,SEN,Senegal,29.05,756.02,1,0,1,0,0,8,163306,0,24495
2013,SLE,Sierra Leone,26.51,2665.74,0,0,0,0,0,0,0,0,9239
2013,SOM,Somalia,27.03,289.87,3,0,2,1,0,169,247380,2000,1158425
2013,SSD,South Sudan,28.24,971.76,2,0,2,0,0,99,581000,0,145143
2013,STP,Sao Tome and Principe,24.53,2128.67,0,0,0,0,0,0,0,0,31
2013,SWZ,Eswatini,20.76,716.51,0,0,0,0,0,0,0,0,249
2013,SYC,Seychelles,27.2,1660.85,1,0,0,1,0,0,3000,9300,24
2013,TCD,Chad,27.83,345.27,0,0,0,0,0,0,0,0,52462
2013,TGO,Togo,27.4,1089.03,0,0,0,0,0,0,0,0,11809
2013,TZA,United Rep. of Tanzania,22.88,949.09,0,0,0,0,0,0,0,0,2050
2013,UGA,Uganda,23.09,1437.47,1,0,1,0,0,13,25445,3100,11920
2013,ZAF,South Africa,18.24,422.96,1,0,0,1,0,3,2870,0,776
2013,ZMB,Zambia,21.87,1027.83,1,0,1,0,0,0,1800,0,524
2013,ZWE,Zimbabwe,21.56,670.69,2,1,1,0,0,125,4309700,500000,61541
2014,AGO,Angola,21.56,1052.58,0,0,0,0,0,0,0,0,75387
2014,BDI,Burundi,20.35,1231.89,1,0,1,0,0,96,12682,2000,254213
2014,BEN,Benin,28.32,1035.38,0,0,0,0,0,0,0,0,1014
2014,BFA,Burkina Faso,29.51,858.58,1,1,0,0,0,0,4000000,0,3419
2014,BWA,Botswana,22.03,398.28,0,0,0,0,0,0,0,0,303
2014,CAF,Central African Rep.,25.47,1369.95,0,0,0,0,0,0,0,0,441432
2014,CIV,Cote d'Ivoire,26.89,1449.73,2,0,2,0,0,46,0,0,85365
2014,CMR,Cameroon,24.85,1556.68,1,0,1,0,0,0,250000,0,15752
2014,COD,Dem. Rep. of the Congo,24.24,1506.28,1,0,1,0,0,154,4750,15000,587208
2014,COG,Congo,24.77,1521.31,0,0,0,0,0,0,0,0,17908
2014,COM,Comoros,23.82,1993.52,1,0,0,1,0,0,9511,0,928
2014,CPV,Cabo Verde,22.52,199.91,0,0,0,0,0,0,0,0,73
2014,DJI,Djibouti,28.55,225.18,0,0,0,0,0,0,0,0,1289
2014,ERI,Eritrea,26.85,304.78,0,0,0,0,0,0,0,0,416826
2014,ETH,Ethiopia,23.5,920.92,0,0,0,0,0,0,0,0,148348
2014,GAB,Gabon,25.23,1852.26,0,0,0,0,0,0,0,0,295
2014,GHA,Ghana,27.85,1267.76,0,0,0,0,0,0,0,0,29735
2014,GIN,Guinea,25.9,1731.41,0,0,0,0,0,0,0,0,33060
2014,GMB,Gambia,28.37,957.21,0,0,0,0,0,0,0,0,15598
2014,GNB,Guinea-Bissau,27.93,1617.7,0,0,0,0,0,0,0,0,3065
2014,GNQ,Equatorial Guinea,24.72,2292.51,0,0,0,0,0,0,0,0,249
2014,KEN,Kenya,25.09,627.24,1,1,0,0,0,0,1600000,0,11471
2014,LBR,Liberia,25.46,2663.37,0,0,0,0,0,0,0,0,15888
2014,LSO,Lesotho,12.56,720.26,1,0,0,1,0,0,2600,0,681
2014,MDG,Madagascar,22.91,1543.73,2,1,0,1,0,17,21736,0,484
2014,MLI,Mali,29.23,328.55,0,0,0,0,0,0,0,0,151479
2014,MOZ,Mozambique,24.39,959.26,2,0,2,0,0,22,76286,0,1463
2014,MUS,Mauritius,23.92,1789.48,0,0,0,0,0,0,0,0,242
2014,MWI,Malawi,22.55,999.27,0,0,0,0,0,0,0,0,4247
2014,NAM,Namibia,20.74,320.41,0,0,0,0,0,0,0,0,1295
2014,NER,Niger,28.4,169.47,1,0,1,0,0,36,165578,2000,1263
2014,NGA,Nigeria,27.62,1144.35,1,0,1,0,0,15,10000,0,191024
2014,RWA,Rwanda,19.01,1190.83,0,0,0,0,0,0,0,0,94161
2014,SDN,Sudan,28.23,291.88,1,0,1,0,0,39,266204,0,701988
2014,SEN,Senegal,28.9,659.12,1,1,0,0,0,0,639702,0,31827
2014,SLE,Sierra Leone,26.43,2638.5,0,0,0,0,0,0,0,0,9618
2014,SOM,Somalia,27.02,266.5,2,1,1,0,0,0,625624,0,1156238
2014,SSD,South Sudan,27.89,1007.31,0,0,0,0,0,0,0,0,619972
2014,STP,Sao Tome and Principe,24.62,2028.87,0,0,0,0,0,0,0,0,29
2014,SWZ,Eswatini,20.81,779.75,1,0,1,0,0,11,400,0,291
2014,SYC,Seychelles,27.24,1757.74,1,0,1,0,0,0,4435,0,35
2014,TCD,Chad,27.78,374.75,0,0,0,0,0,0,0,0,51532
2014,TGO,Togo,27.56,1324.66,0,0,0,0,0,0,0,0,10962
2014,TZA,United Rep. of Tanzania,22.83,924.74,2,0,2,0,0,31,40000,2000,1899
2014,UGA,Uganda,23.02,1187.98,0,0,0,0,0,0,0,0,11925
2014,ZAF,South Africa,18.43,450.55,1,0,1,0,0,32,7185,85000,953
2014,ZMB,Zambia,21.9,1033.74,1,0,1,0,0,0,20000,0,602
2014,ZWE,Zimbabwe,21.74,639.49,2,0,2,0,0,14,2502,20000,64897
2015,AGO,Angola,21.7,993.92,3,0,3,0,0,75,5000,0,50071
2015,BDI,Burundi,20.44,1254.6,1,0,1,0,0,52,4179,13000,483073
2015,BEN,Benin,28.29,907.33,0,0,0,0,0,0,0,0,1547
2015,BFA,Burkina Faso,29.48,826.8,1,0,1,0,0,8,28925,31000,4838
2015,BWA,Botswana,22.57,357.59,1,1,0,0,0,0,0,44000,379
2015,CAF,Central African Rep.,25.56,1374.83,1,0,0,1,0,1,1116,0,502519
2015,CIV,Cote d'Ivoire,27.03,1126.3,1,0,1,0,0,16,0,0,84867
2015,CMR,Cameroon,24.91,1465.68,1,0,1,0,0,4,30000,0,17927
2015,COD,Dem. Rep. of the Congo,24.33,1516.09,3,0,3,0,0,49,190560,0,627439
2015,COG,Congo,24.89,1487.74,0,0,0,0,0,0,0,0,18843
2015,COM,Comoros,24.04,2142.35,0,0,0,0,0,0,0,0,776
2015,CPV,Cabo Verde,22.62,198.48,1,0,0,1,0,9,0,1100,122
2015,DJI,Djibouti,29.05,181.57,0,0,0,0,0,0,0,0,1601
2015,ERI,Eritrea,27.24,257.83,0,0,0,0,0,0,0,0,469745
2015,ETH,Ethiopia,23.92,838.29,2,1,1,0,0,0,10410600,1400000,162740
2015,GAB,Gabon,25.36,1586.23,0,0,0,0,0,0,0,0,398
2015,GHA,Ghana,27.94,1094.84,1,0,1,0,0,25,5000,12000,33667
2015,GIN,Guinea,26.09,1880.49,1,0,1,0,0,9,29628,0,34827
2015,GMB,Gambia,28.61,1034.84,1,1,0,0,0,0,63100,0,21293
2015,GNB,Guinea-Bissau,28.16,1739.04,0,0,0,0,0,0,0,0,3393
2015,GNQ,Equatorial Guinea,24.85,1818.17,0,0,0,0,0,0,0,0,227
2015,KEN,Kenya,25.15,808.38,3,0,3,0,0,138,245299,0,11172
2015,LBR,Liberia,25.62,2322.81,0,0,0,0,0,0,0,0,12394
2015,LSO,Lesotho,13.03,519.82,0,0,0,0,0,0,0,0,1107
2015,MDG,Madagascar,22.97,1390.02,3,0,1,2,0,121,234887,46000,456
2015,MLI,Mali,29.3,339.41,1,0,1,0,0,5,2000,0,164107
2015,MOZ,Mozambique,24.78,873.75,1,0,1,0,0,160,177645,0,2248
2015,MUS,Mauritius,23.88,2398.73,0,0,0,0,0,0,0,0,303
2015,MWI,Malawi,22.87,918.16,3,1,1,1,0,283,7338995,390000,6101
2015,NAM,Namibia,21.02,222.65,1,1,0,0,0,0,580000,60000,1332
2015,NER,Niger,27.91,183.46,2,1,1,0,0,27,2675165,0,2146
2015,NGA,Nigeria,27.36,1032.6,1,0,1,0,0,53,100420,25000,219345
2015,RWA,Rwanda,19.07,1237.82,1,0,1,0,0,2,3431,0,302780
2015,SDN,Sudan,28.39,228.79,3,1,1,0,1,36,800000,0,670009
2015,SEN,Senegal,29.18,743.58,0,0,0,0,0,0,0,0,35568
2015,SLE,Sierra Leone,26.6,2691.8,1,0,1,0,0,10,24303,0,9865
2015,SOM,Somalia,27.21,298.44,5,1,2,2,0,0,7620296,0,1180563
2015,SSD,South Sudan,28.15,971.76,0,0,0,0,0,0,0,0,782856
2015,STP,Sao Tome and Principe,24.65,1895.37,0,0,0,0,0,0,0,0,34
2015,SWZ,Eswatini,21.31,604.66,0,0,0,0,0,0,0,0,372
2015,SYC,Seychelles,27.5,1734.56,0,0,0,0,0,0,0,0,39
2015,TCD,Chad,27.65,378.1,0,0,0,0,0,0,0,0,18188
2015,TGO,Togo,27.65,1090.84,0,0,0,0,0,0,0,0,10902
2015,TZA,United Rep. of Tanzania,22.97,956.87,2,0,1,1,0,59,10112,0,2402
2015,UGA,Uganda,23.06,1330.94,0,0,0,0,0,0,0,0,12737
2015,ZAF,South Africa,18.88,360.88,1,1,0,0,0,0,2700000,250000,1296
2015,ZMB,Zambia,22.3,918.56,0,0,0,0,0,0,0,0,761
2015,ZWE,Zimbabwe,22.32,440.41,1,0,0,1,0,10,475,0,78708
2016,AGO,Angola,21.94,1013.76,4,0,4,0,0,113,9899,0,33112
2016,BDI,Burundi,20.67,1292.9,0,0,0,0,0,0,0,0,595965
2016,BEN,Benin,28.53,954.86,0,0,0,0,0,0,0,0,1630
2016,BFA,Burkina Faso,29.75,909.95,1,0,1,0,0,15,34893,0,6547
2016,BWA,Botswana,22.63,387.89,0,0,0,0,0,0,0,0,392
2016,CAF,Central African Rep.,25.75,1425.7,0,0,0,0,0,0,0,0,522492
2016,CIV,Cote d'Ivoire,27.32,1253.82,1,0,1,0,0,20,0,0,65447
2016,CMR,Cameroon,25.14,1710.21,0,0,0,0,0,0,0,0,21292
2016,COD,Dem. Rep. of the Congo,24.52,1544.26,2,0,2,0,0,50,12635,0,629656
2016,COG,Congo,25.23,1724.73,0,0,0,0,0,0,0,0,17644
2016,COM,Comoros,23.84,2320.69,0,0,0,0,0,0,0,0,798
2016,CPV,Cabo Verde,22.72,239.09,0,0,0,0,0,0,0,0,108
2016,DJI,Djibouti,29.01,237.41,0,0,0,0,0,0,0,0,2268
2016,ERI,Eritrea,27.31,319.7,0,0,0,0,0,0,0,0,524998
2016,ETH,Ethiopia,23.92,921.16,2,0,2,0,0,128,493080,0,163062
2016,GAB,Gabon,25.62,1838.37,0,0,0,0,0,0,0,0,598
2016,GHA,Ghana,28.21,1191.1,1,0,1,0,0,10,0,0,27373
2016,GIN,Guinea,26.31,1792.34,0,0,0,0,0,0,0,0,41925
2016,GMB,Gambia,28.75,1030.42,0,0,0,0,0,0,0,0,30477
2016,GNB,Guinea-Bissau,28.36,1644.34,0,0,0,0,0,0,0,0,3516
2016,GNQ,Equatorial Guinea,24.99,2306.53,0,0,0,0,0,0,0,0,231
2016,KEN,Kenya,25.48,712.45,3,1,2,0,0,42,3411000,0,11102
2016,LBR,Liberia,25.96,2608.41,1,0,1,0,0,0,15431,0,9268
2016,LSO,Lesotho,13.15,665.08,1,1,0,0,0,0,709000,0,703
2016,MDG,Madagascar,22.81,1249.73,1,1,0,0,0,0,1140000,0,350
2016,MLI,Mali,29.51,336.71,1,0,1,0,0,13,9500,0,166140
2016,MOZ,Mozambique,24.68,843.87,4,1,2,1,0,75,2473300,1500,5750
2016,MUS,Mauritius,23.65,1665.03,0,0,0,0,0,0,0,0,309
2016,MWI,Malawi,22.86,976.9,1,0,1,0,0,12,2800,0,4179
2016,NAM,Namibia,20.9,231.73,0,0,0,0,0,0,0,0,1498
2016,NER,Niger,28.51,201.1,2,0,2,0,0,61,126266,0,2068
2016,NGA,Nigeria,27.77,1202.33,2,0,1,1,0,46,13000,0,296168
2016,RWA,Rwanda,19.32,1233.03,1,0,1,0,0,67,0,0,303324
2016,SDN,Sudan,28.61,278.34,1,0,1,0,0,171,200004,0,700985
2016,SEN,Senegal,29.3,737.27,1,0,1,0,0,5,10646,0,39355
2016,SLE,Sierra Leone,26.86,2676.7,0,0,0,0,0,0,0,0,10831
2016,SOM,Somalia,27.27,285.22,1,0,1,0,0,9,0,0,1072981
2016,SSD,South Sudan,28.34,975.07,2,1,1,0,0,0,3622000,0,1442499
2016,STP,Sao Tome and Principe,24.58,2010.1,0,0,0,0,0,0,0,0,39
2016,SWZ,Eswatini,21.31,676.28,1,1,0,0,0,0,492000,0,361
2016,SYC,Seychelles,27.3,1482.65,0,0,0,0,0,0,0,0,15
2016,TCD,Chad,27.96,378.05,0,0,0,0,0,0,0,0,17354
2016,TGO,Togo,27.89,1146.13,0,0,0,0,0,0,0,0,10941
2016,TZA,United Rep. of Tanzania,23.12,1077.42,3,0,3,0,0,16,140275,0,1804
2016,UGA,Uganda,23.29,1296.42,1,0,1,0,0,0,10000,2700,11557
2016,ZAF,South Africa,18.99,420.98,3,0,2,0,1,24,7520,280000,1534
2016,ZMB,Zambia,22.41,905.76,0,0,0,0,0,0,0,0,550
2016,ZWE,Zimbabwe,22.24,565.59,1,0,0,1,0,31,2000,0,61365
2017,AGO,Angola,21.82,1071.16,2,1,1,0,0,11,1450250,2000,33840
2017,BDI,Burundi,20.85,1143.44,0,0,0,0,0,0,0,0,663272
2017,BEN,Benin,28.34,1029.88,0,0,0,0,0,0,0,0,1709
2017,BFA,Burkina Faso,29.61,805.89,1,0,1,0,0,2,882,0,8251
2017,BWA,Botswana,22.1,448.84,1,0,1,0,0,0,3250,0,374
2017,CAF,Central African Rep.,25.49,1399.87,2,0,1,1,0,0,7190,0,579942
2017,CIV,Cote d'Ivoire,27.18,1145.19,1,0,1,0,0,15,225,0,66544
2017,CMR,Cameroon,24.9,1644.57,1,0,1,0,0,3,12890,0,35644
2017,COD,Dem. Rep. of the Congo,24.4,1553.25,1,0,1,0,0,105,500,0,767512
2017,COG,Congo,24.9,1745.97,0,0,0,0,0,0,0,0,26363
2017,COM,Comoros,24.03,2113.7,0,0,0,0,0,0,0,0,922
2017,CPV,Cabo Verde,22.8,201.4,1,1,0,0,0,0,70000,0,186
2017,DJI,Djibouti,28.7,240.54,0,0,0,0,0,0,0,0,3047
2017,ERI,Eritrea,27.1,239.46,0,0,0,0,0,0,0,0,564643
2017,ETH,Ethiopia,23.6,940.73,0,0,0,0,0,0,0,0,224929
2017,GAB,Gabon,25.3,1916.53,0,0,0,0,0,0,0,0,912
2017,GHA,Ghana,28.06,1131.72,2,0,1,1,0,20,1000012,0,34463
2017,GIN,Guinea,26.24,1690.89,1,0,1,0,0,0,3287,0,54851
2017,GMB,Gambia,28.79,1033.69,1,0,1,0,0,6,20000,0,36778
2017,GNB,Guinea-Bissau,28.38,1719.32,0,0,0,0,0,0,0,0,5372
2017,GNQ,Equatorial Guinea,24.81,2399.09,0,0,0,0,0,0,0,0,237
2017,KEN,Kenya,25.19,1061.08,1,0,1,0,0,26,25000,0,13293
2017,LBR,Liberia,25.82,2302.77,0,0,0,0,0,0,0,0,9546
2017,LSO,Lesotho,12.72,702.42,0,0,0,0,0,0,0,0,26
2017,MDG,Madagascar,23.07,1343.68,2,1,0,1,0,81,1694253,20000,370
2017,MLI,Mali,29.42,305.82,0,0,0,0,0,0,0,0,165757
2017,MOZ,Mozambique,24.44,1149.19,1,0,0,1,0,7,750102,17000,12629
2017,MUS,Mauritius,24.08,1906.36,0,0,0,0,0,0,0,0,359
2017,MWI,Malawi,22.65,1161.98,1,0,1,0,0,0,55921,0,3588
2017,NAM,Namibia,20.42,291.75,1,0,1,0,0,0,2502,0,1584
2017,NER,Niger,27.99,177.28,3,1,2,0,0,72,1340813,10000,3762
2017,NGA,Nigeria,27.45,1156.2,2,0,2,0,0,20,10500,0,330925
2017,RWA,Rwanda,19.45,1122.52,2,0,0,2,0,3,6553,0,278016
2017,SDN,Sudan,28.25,240.34,1,0,1,0,0,25,55647,0,746766
2017,SEN,Senegal,29.32,740.51,0,0,0,0,0,0,0,0,51765
2017,SLE,Sierra Leone,26.83,2657.92,0,0,0,0,0,0,0,0,11106
2017,SOM,Somalia,27.1,348.44,0,0,0,0,0,0,0,0,1044822
2017,SSD,South Sudan,28.06,995.93,0,0,0,0,0,0,0,0,2446340
2017,STP,Sao Tome and Principe,24.5,2152.48,0,0,0,0,0,0,0,0,54
2017,SWZ,Eswatini,20.78,885.83,0,0,0,0,0,0,0,0,271
2017,SYC,Seychelles,27.41,1605.38,0,0,0,0,0,0,0,0,15
2017,TCD,Chad,27.56,360.93,1,1,0,0,0,0,1886800,0,19435
2017,TGO,Togo,27.73,1133.59,1,0,1,0,0,0,16060,0,11877
2017,TZA,United Rep. of Tanzania,23.17,949.48,1,0,1,0,0,7,0,0,2125
2017,UGA,Uganda,23.18,1401.03,1,0,1,0,0,17,14,0,16565
2017,ZAF,South Africa,18.5,440.67,4,1,1,2,0,23,7636,1803000,2074
2017,ZMB,Zambia,22.17,1183.64,0,0,0,0,0,0,0,0,429
2017,ZWE,Zimbabwe,21.78,949.45,2,1,0,1,0,251,7013023,189000,39212
2018,AGO,Angola,21.66,1056.66,1,0,1,0,0,8,3000,0,35167
2018,BDI,Burundi,20.38,1198.41,3,0,3,0,0,0,47956,0,454651
2018,BEN,Benin,28.34,1133.32,0,0,0,0,0,0,0,0,1743
2018,BFA,Burkina Faso,29.62,929.0,0,0,0,0,0,0,0,0,16396
2018,BWA,Botswana,22.24,387.15,1,0,1,0,0,0,4225,0,378
2018,CAF,Central African Rep.,25.44,1341.11,0,0,0,0,0,0,0,0,629833
2018,CIV,Cote d'Ivoire,27.09,1456.14,1,0,1,0,0,20,25000,0,61171
2018,CMR,Cameroon,24.92,1557.95,0,0,0,0,0,0,0,0,63761
2018,COD,Dem. Rep. of the Congo,24.31,1550.26,1,0,1,0,0,51,15760,0,864586
2018,COG,Congo,25.05,1626.57,0,0,0,0,0,0,0,0,25123
2018,COM,Comoros,23.89,2199.7,0,0,0,0,0,0,0,0,1124
2018,CPV,Cabo Verde,22.29,205.07,0,0,0,0,0,0,0,0,216
2018,DJI,Djibouti,28.35,249.62,1,0,0,1,0,2,25000,0,3224
2018,ERI,Eritrea,26.84,346.42,0,0,0,0,0,0,0,0,585909
2018,ETH,Ethiopia,23.32,904.61,0,0,0,0,0,0,0,0,229262
2018,GAB,Gabon,25.47,1768.06,0,0,0,0,0,0,0,0,1081
2018,GHA,Ghana,27.99,1314.83,1,0,1,0,0,34,100000,0,30613
2018,GIN,Guinea,26.16,1775.11,0,0,0,0,0,0,0,0,56538
2018,GMB,Gambia,28.27,921.45,0,0,0,0,0,0,0,0,31253
2018,GNB,Guinea-Bissau,28.03,1516.15,1,0,0,1,0,3,11541,0,4893
2018,GNQ,Equatorial Guinea,24.93,2532.37,0,0,0,0,0,0,0,0,316
2018,KEN,Kenya,24.84,835.18,3,0,3,0,0,134,211188,350000,14767
2018,LBR,Liberia,25.59,2452.65,0,0,0,0,0,0,0,0,8582
2018,LSO,Lesotho,12.93,608.34,0,0,0,0,0,0,0,0,44
2018,MDG,Madagascar,22.92,1505.64,2,0,0,2,0,94,212190,0,409
2018,MLI,Mali,29.37,353.37,1,0,1,0,0,0,13150,0,169158
2018,MOZ,Mozambique,24.57,1020.04,1,0,1,0,0,11,77150,5100,9034
2018,MUS,Mauritius,23.8,2837.69,1,0,0,1,0,0,30000,0,450
2018,MWI,Malawi,22.62,1169.74,3,0,3,0,0,5,9613,0,3272
2018,NAM,Namibia,20.28,287.92,1,1,0,0,0,0,556000,0,1663
2018,NER,Niger,28.17,225.33,1,0,1,0,0,36,130468,0,4768
2018,NGA,Nigeria,27.45,1259.86,2,0,2,0,0,300,1938204,275000,362882
2018,RWA,Rwanda,19.07,1127.87,3,0,3,0,0,58,26411,44000,275673
2018,SDN,Sudan,28.23,311.02,3,0,3,0,0,46,127476,0,792220
2018,SEN,Senegal,28.87,685.89,1,1,0,0,0,0,320000,0,35617
2018,SLE,Sierra Leone,26.6,2656.85,0,0,0,0,0,0,0,0,12268
2018,SOM,Somalia,26.81,300.9,2,0,1,1,0,58,928000,80000,1005489
2018,SSD,South Sudan,27.81,1000.71,0,0,0,0,0,0,0,0,2298002
2018,STP,Sao Tome and Principe,24.74,2309.31,0,0,0,0,0,0,0,0,56
2018,SWZ,Eswatini,21.15,777.86,0,0,0,0,0,0,0,0,285
2018,SYC,Seychelles,27.32,1483.97,0,0,0,0,0,0,0,0,15
2018,TCD,Chad,27.61,347.97,0,0,0,0,0,0,0,0,15302
2018,TGO,Togo,27.64,1295.44,0,0,0,0,0,0,0,0,11575
2018,TZA,United Rep. of Tanzania,22.76,1035.9,1,0,1,0,0,15,15873,0,2392
2018,UGA,Uganda,22.96,1292.06,0,0,0,0,0,0,0,0,17990
2018,ZAF,South Africa,18.62,392.17,0,0,0,0,0,0,0,0,2886
2018,ZMB,Zambia,21.93,1031.29,0,0,0,0,0,0,0,0,520
2018,ZWE,Zimbabwe,22.08,635.98,0,0,0,0,0,0,0,0,32739
2019,AGO,Angola,21.81,1063.28,3,0,3,0,0,71,16520,0,37186
2019,BDI,Burundi,20.63,1330.12,2,0,2,0,0,24,3773,0,450866
2019,BEN,Benin,28.25,1180.09,0,0,0,0,0,0,0,0,1941
2019,BFA,Burkina Faso,29.42,902.88,0,0,0,0,0,0,0,0,18919
2019,BWA,Botswana,22.93,382.58,1,1,0,0,0,0,38000,0,367
2019,CAF,Central African Rep.,25.66,1363.13,1,0,1,0,0,0,44918,0,627657
2019,CIV,Cote d'Ivoire,26.95,1427.39,1,0,1,0,0,12,14646,0,59232
2019,CMR,Cameroon,24.91,1698.6,0,0,0,0,0,0,0,0,88111
2019,COD,Dem. Rep. of the Congo,24.37,1556.08,1,0,1,0,0,43,399894,0,961604
2019,COG,Congo,25.0,1806.57,2,0,2,0,0,0,253000,0,23977
2019,COM,Comoros,24.18,1947.94,2,0,0,2,0,8,345311,0,2117
2019,CPV,Cabo Verde,22.37,237.71,0,0,0,0,0,0,0,0,260
2019,DJI,Djibouti,28.5,232.54,1,0,1,0,0,11,250000,0,3185
2019,ERI,Eritrea,26.67,312.55,0,0,0,0,0,0,0,0,576581
2019,ETH,Ethiopia,23.41,1008.41,1,0,1,0,0,0,200000,0,232223
2019,GAB,Gabon,25.38,2101.76,0,0,0,0,0,0,0,0,1333
2019,GHA,Ghana,27.9,1451.63,2,0,2,0,0,32,26102,0,28983
2019,GIN,Guinea,25.89,1798.76,0,0,0,0,0,0,0,0,57266
2019,GMB,Gambia,28.09,984.73,1,0,0,1,0,4,15101,0,26974
2019,GNB,Guinea-Bissau,27.76,1618.24,0,0,0,0,0,0,0,0,4758
2019,GNQ,Equatorial Guinea,24.8,2664.73,0,0,0,0,0,0,0,0,322
2019,KEN,Kenya,25.26,1146.45,2,1,1,0,0,90,2833339,0,15589
2019,LBR,Liberia,25.48,2429.98,0,0,0,0,0,0,0,0,8351
2019,LSO,Lesotho,13.54,714.65,1,1,0,0,0,0,433000,0,55
2019,MDG,Madagascar,23.12,1553.37,3,0,1,2,0,17,21393,25000,562
2019,MLI,Mali,29.16,348.05,2,0,2,0,0,15,6981,0,173053
2019,MOZ,Mozambique,24.8,1133.44,5,0,3,2,0,704,2022660,2230000,8811
2019,MUS,Mauritius,24.15,2099.17,0,0,0,0,0,0,0,0,482
2019,MWI,Malawi,22.85,1401.25,2,0,2,0,0,60,991646,0,3084
2019,NAM,Namibia,20.67,281.96,0,0,0,0,0,0,0,0,1215
2019,NER,Niger,27.88,199.16,2,0,2,0,0,52,223000,0,5483
2019,NGA,Nigeria,27.34,1296.63,2,0,2,0,0,24,71140,0,407967
2019,RWA,Rwanda,19.28,1346.05,2,0,2,0,0,28,5958,0,276778
2019,SDN,Sudan,28.06,308.2,2,0,2,0,0,78,352498,0,806804
2019,SEN,Senegal,28.62,710.0,1,0,1,0,0,6,8968,0,32539
2019,SLE,Sierra Leone,26.51,2478.26,2,0,2,0,0,7,10381,0,12560
2019,SOM,Somalia,27.11,334.95,3,1,1,1,0,23,2030000,0,954705
2019,SSD,South Sudan,27.94,1041.81,2,0,2,0,0,3,934800,0,2240421
2019,STP,Sao Tome and Principe,24.44,2278.72,0,0,0,0,0,0,0,0,57
2019,SWZ,Eswatini,21.51,746.56,1,1,0,0,0,0,232000,0,321
2019,SYC,Seychelles,27.55,1871.07,0,0,0,0,0,0,0,0,21
2019,TCD,Chad,27.7,382.67,1,0,1,0,0,0,423,0,16506
2019,TGO,Togo,27.6,1476.49,0,0,0,0,0,0,0,0,11414
2019,TZA,United Rep. of Tanzania,23.09,1145.92,5,0,4,1,0,47,2005000,0,2684
2019,UGA,Uganda,23.18,1599.44,5,0,5,0,0,127,78600,0,18741
2019,ZAF,South Africa,19.23,390.2,6,1,4,1,0,102,754520,185000,3286
2019,ZMB,Zambia,22.25,1004.32,2,1,1,0,0,4,1430000,0,723
2019,ZWE,Zimbabwe,22.41,728.85,2,0,1,1,0,654,270486,0,26222
2020,AGO,Angola,21.73,1071.06,3,1,2,0,0,33,1663916,0,39634
2020,BDI,Burundi,20.43,1449.02,3,0,2,1,0,5,41762,0,439707
2020,BEN,Benin,28.44,1112.78,1,0,1,0,0,6,7000,0,1968
2020,BFA,Burkina Faso,29.68,945.85,4,1,3,0,0,13,3030452,0,24607
2020,BWA,Botswana,22.01,406.76,0,0,0,0,0,0,0,0,325
2020,CAF,Central African Rep.,25.66,1366.1,0,0,0,0,0,0,0,0,657288
2020,CIV,Cote d'Ivoire,27.22,1323.07,1,0,1,0,0,24,18657,0,71741
2020,CMR,Cameroon,25.17,1642.49,1,0,1,0,0,0,26402,0,101499
2020,COD,Dem. Rep. of the Congo,24.48,1556.41,6,0,6,0,0,83,231506,0,999841
2020,COG,Congo,25.38,1734.55,2,0,2,0,0,20,66000,0,25433
2020,COM,Comoros,24.18,1948.33,0,0,0,0,0,0,0,0,3436
2020,CPV,Cabo Verde,22.96,205.07,1,0,1,0,0,1,25000,0,263
2020,DJI,Djibouti,28.3,228.73,1,0,1,0,0,8,110000,0,3302
2020,ERI,Eritrea,26.32,323.87,0,0,0,0,0,0,0,0,607366
2020,ETH,Ethiopia,23.3,918.22,2,0,2,0,0,12,1229854,0,279969
2020,GAB,Gabon,25.72,1817.3,0,0,0,0,0,0,0,0,1569
2020,GHA,Ghana,28.11,1232.25,2,0,2,0,0,7,200,0,23941
2020,GIN,Guinea,26.34,1765.56,1,0,1,0,0,0,49541,0,58358
2020,GMB,Gambia,29.0,1050.3,0,0,0,0,0,0,0,0,17670
2020,GNB,Guinea-Bissau,28.56,1669.23,0,0,0,0,0,0,0,0,4351
2020,GNQ,Equatorial Guinea,25.06,2290.12,0,0,0,0,0,0,0,0,338
2020,KEN,Kenya,25.28,809.17,2,1,1,0,0,285,5310655,260000,16381
2020,LBR,Liberia,25.71,2430.54,0,0,0,0,0,0,0,0,8287
2020,LSO,Lesotho,12.66,910.2,1,1,0,0,0,0,766000,0,44
2020,MDG,Madagascar,22.86,1369.04,3,1,1,1,0,44,1790046,0,606
2020,MLI,Mali,29.43,369.15,1,1,0,0,0,0,6800000,0,175724
2020,MOZ,Mozambique,24.67,859.05,3,1,2,0,0,24,2853700,0,8755
2020,MUS,Mauritius,23.58,1558.44,0,0,0,0,0,0,0,0,514
2020,MWI,Malawi,22.85,1058.33,1,0,1,0,0,1,2250,0,2682
2020,NAM,Namibia,20.27,289.81,1,0,1,0,0,0,1000,0,1298
2020,NER,Niger,27.83,250.35,3,1,2,0,0,83,4382620,10000,22958
2020,NGA,Nigeria,27.41,1255.3,3,0,3,0,0,189,193725,100000,426201
2020,RWA,Rwanda,19.13,1350.25,5,0,5,0,0,111,22455,0,277258
2020,SDN,Sudan,27.46,286.26,1,0,1,0,0,155,875013,250000,858030
2020,SEN,Senegal,29.5,779.13,1,0,1,0,0,11,17000,18000,29772
2020,SLE,Sierra Leone,26.85,2604.46,0,0,0,0,0,0,0,0,14118
2020,SOM,Somalia,27.02,260.97,3,0,2,1,0,41,1311020,0,866206
2020,SSD,South Sudan,27.56,989.74,1,0,1,0,0,0,1042000,0,2193699
2020,STP,Sao Tome and Principe,24.66,2145.59,0,0,0,0,0,0,0,0,51
2020,SWZ,Eswatini,20.85,721.46,0,0,0,0,0,0,0,0,279
2020,SYC,Seychelles,27.56,1871.79,0,0,0,0,0,0,0,0,15
2020,TCD,Chad,27.31,385.78,2,0,2,0,0,3,36934,0,16689
2020,TGO,Togo,27.8,1180.14,1,0,1,0,0,11,57000,0,11034
2020,TZA,United Rep. of Tanzania,23.0,1232.55,4,0,4,0,0,43,65081,0,2599
2020,UGA,Uganda,23.2,1473.03,6,0,5,1,0,35,140200,0,19191
2020,ZAF,South Africa,18.45,466.28,2,0,1,1,0,13,410,0,3710
2020,ZMB,Zambia,22.04,1038.4,3,0,3,0,0,3,705772,0,732
2020,ZWE,Zimbabwe,21.94,702.14,0,0,0,0,0,0,0,0,23189
2021,AGO,Angola,21.73,1058.26,2,0,2,0,0,22,9937,0,43745
2021,BDI,Burundi,20.51,1286.49,1,0,1,0,0,0,52182,0,379858
2021,BEN,Benin,28.62,1041.32,1,0,1,0,0,13,35850,0,2112
2021,BFA,Burkina Faso,30.02,848.14,0,0,0,0,0,0,0,0,38873
2021,BWA,Botswana,21.74,404.8,0,0,0,0,0,0,0,0,335
2021,CAF,Central African Rep.,25.75,1459.54,1,0,1,0,0,0,3957,0,754225
2021,CIV,Cote d'Ivoire,27.38,1364.36,0,0,0,0,0,0,0,0,72597
2021,CMR,Cameroon,25.16,1678.96,0,0,0,0,0,0,0,0,147650
2021,COD,Dem. Rep. of the Congo,24.47,1542.84,0,0,0,0,0,0,0,0,1071843
2021,COG,Congo,25.28,1639.23,1,0,1,0,0,24,46652,0,27064
2021,COM,Comoros,23.95,1893.3,0,0,0,0,0,0,0,0,3503
2021,CPV,Cabo Verde,22.75,205.07,0,0,0,0,0,0,0,0,283
2021,DJI,Djibouti,28.45,175.54,0,0,0,0,0,0,0,0,3601
2021,ERI,Eritrea,26.79,329.5,0,0,0,0,0,0,0,0,599620
2021,ETH,Ethiopia,23.41,923.49,2,1,1,0,0,16,6800000,0,291840
2021,GAB,Gabon,25.64,1793.64,0,0,0,0,0,0,0,0,1522
2021,GHA,Ghana,28.32,1227.57,2,0,2,0,0,9,326,0,23445
2021,GIN,Guinea,26.68,1800.67,1,0,1,0,0,5,71664,0,60861
2021,GMB,Gambia,29.03,1003.94,1,0,0,1,0,10,16949,0,16832
2021,GNB,Guinea-Bissau,28.74,1587.44,0,0,0,0,0,0,0,0,4585
2021,GNQ,Equatorial Guinea,25.07,2473.08,0,0,0,0,0,0,0,0,403
2021,KEN,Kenya,25.17,1028.71,1,0,1,0,0,9,300000,0,17261
2021,LBR,Liberia,25.9,2421.56,0,0,0,0,0,0,0,0,8520
2021,LSO,Lesotho,12.3,1039.0,1,0,0,1,0,0,2550,0,47
2021,MDG,Madagascar,22.84,1332.91,2,0,1,1,0,3,2400,0,798
2021,MLI,Mali,29.8,321.85,0,0,0,0,0,0,0,0,207705
2021,MOZ,Mozambique,24.57,846.78,3,1,1,1,0,11,2056082,0,8819
2021,MUS,Mauritius,23.69,1939.8,0,0,0,0,0,0,0,0,549
2021,MWI,Malawi,22.79,798.62,1,0,0,1,0,13,55551,0,2531
2021,NAM,Namibia,20.1,278.71,1,0,1,0,0,0,401,0,1356
2021,NER,Niger,28.08,158.66,1,0,1,0,0,62,105750,0,24587
2021,NGA,Nigeria,27.62,1118.94,2,0,2,0,0,4,8330,0,466783
2021,RWA,Rwanda,19.21,1206.25,1,0,1,0,0,0,6500,0,284602
2021,SDN,Sudan,28.2,262.57,2,0,1,1,0,52,319045,0,900592
2021,SEN,Senegal,29.61,731.7,0,0,0,0,0,0,0,0,32595
2021,SLE,Sierra Leone,27.16,2788.62,0,0,0,0,0,0,0,0,12305
2021,SOM,Somalia,26.89,300.19,2,1,1,0,0,25,7500000,993000,836313
2021,SSD,South Sudan,27.94,971.06,2,1,1,0,0,7,8558670,0,2367870
2021,STP,Sao Tome and Principe,24.91,2183.41,1,0,1,0,0,8,219668,0,31
2021,SWZ,Eswatini,20.53,983.54,1,0,0,1,0,0,0,0,245
2021,SYC,Seychelles,27.27,1560.69,0,0,0,0,0,0,0,0,14
2021,TCD,Chad,27.63,378.18,1,0,1,0,0,32,269180,0,19459
2021,TGO,Togo,27.96,1189.13,0,0,0,0,0,0,0,0,10994
2021,TZA,United Rep. of Tanzania,22.95,960.6,3,1,1,1,0,1,2132001,0,2603
2021,UGA,Uganda,23.13,1381.83,3,0,3,0,0,5,117464,0,19721
2021,ZAF,South Africa,18.07,530.31,4,1,1,2,0,58,12012437,75000,4205
2021,ZMB,Zambia,22.05,1004.07,1,1,0,0,0,0,1580000,0,749
2021,ZWE,Zimbabwe,21.88,634.73,2,1,0,1,0,3,169900,0,21634
2022,AGO,Angola,21.62,1057.7,0,0,0,0,0,0,0,0,41717
2022,BDI,Burundi,20.45,1349.66,0,0,0,0,0,0,0,0,382016
2022,BEN,Benin,27.96,1082.02,1,0,1,0,0,44,73000,0,2218
2022,BFA,Burkina Faso,29.36,943.87,1,1,0,0,0,0,3500928,0,65449
2022,BWA,Botswana,21.98,427.0,0,0,0,0,0,0,0,0,767
2022,CAF,Central African Rep.,25.56,1409.91,2,1,1,0,0,16,2339695,0,764881
2022,CIV,Cote d'Ivoire,26.82,1399.99,1,0,1,0,0,13,11592,0,47195
2022,CMR,Cameroon,24.95,1657.55,2,1,1,0,0,2,2542222,15000,169287
2022,COD,Dem. Rep. of the Congo,24.38,1567.73,5,1,4,0,0,223,26233517,0,1084592
2022,COG,Congo,25.08,1673.04,1,0,1,0,0,0,164679,0,22939
2022,COM,Comoros,23.81,2392.27,0,0,0,0,0,0,0,0,2692
2022,CPV,Cabo Verde,22.68,205.07,1,1,0,0,0,0,46093,0,276
2022,DJI,Djibouti,28.68,197.0,1,1,0,0,0,0,192168,0,2893
2022,ERI,Eritrea,26.39,352.69,0,0,0,0,0,0,0,0,601066
2022,ETH,Ethiopia,23.49,927.69,2,1,1,0,0,0,24364831,640000,275405
2022,GAB,Gabon,25.43,1734.04,0,0,0,0,0,0,0,0,1489
2022,GHA,Ghana,27.73,1242.61,1,0,1,0,0,0,5000,0,23732
2022,GIN,Guinea,25.97,2012.36,1,0,1,0,0,0,49536,0,60486
2022,GMB,Gambia,28.45,1361.48,1,0,1,0,0,6,17201,0,15552
2022,GNB,Guinea-Bissau,28.02,2168.74,0,0,0,0,0,0,0,0,4328
2022,GNQ,Equatorial Guinea,24.9,2438.0,0,0,0,0,0,0,0,0,604
2022,KEN,Kenya,25.2,933.64,0,0,0,0,0,0,0,0,17809
2022,LBR,Liberia,25.48,2423.01,0,0,0,0,0,0,0,0,8590
2022,LSO,Lesotho,12.65,879.13,0,0,0,0,0,0,0,0,36
2022,MDG,Madagascar,22.69,1396.93,7,0,1,6,0,224,490384,16000,1067
2022,MLI,Mali,29.21,386.44,2,1,1,0,0,10,1814765,0,238096
2022,MOZ,Mozambique,24.42,1142.74,4,0,1,3,0,203,1023763,0,8699
2022,MUS,Mauritius,23.29,2021.11,1,0,0,1,0,1,139,0,636
2022,MWI,Malawi,22.53,1227.01,4,1,1,2,0,133,3718312,0,1668
2022,NAM,Namibia,20.21,280.78,0,0,0,0,0,0,0,0,1761
2022,NER,Niger,27.61,203.09,2,1,1,0,0,195,4722185,0,24710
2022,NGA,Nigeria,27.09,1226.07,3,1,1,1,0,610,21914398,4200000,474535
2022,RWA,Rwanda,19.17,1372.0,3,0,3,0,0,29,1300,0,279276
2022,SDN,Sudan,27.57,314.87,2,1,1,0,0,146,12188422,10000,926102
2022,SEN,Senegal,28.97,935.91,1,0,1,0,0,0,20010,0,30466
2022,SLE,Sierra Leone,26.5,2684.28,1,0,1,0,0,12,12982,0,13165
2022,SOM,Somalia,27.11,330.88,1,0,1,0,0,0,4416,0,929567
2022,SSD,South Sudan,27.53,1028.86,1,0,1,0,0,0,1000000,0,2300616
2022,STP,Sao Tome and Principe,24.68,2426.93,0,0,0,0,0,0,0,0,34
2022,SWZ,Eswatini,20.92,804.31,1,0,0,1,0,0,1058,0,249
2022,SYC,Seychelles,27.09,1652.64,0,0,0,0,0,0,0,0,14
2022,TCD,Chad,27.22,371.93,2,1,1,0,0,22,3235591,0,20018
2022,TGO,Togo,27.4,1222.42,1,0,1,0,0,0,18596,0,10760
2022,TZA,United Rep. of Tanzania,22.86,996.74,1,0,1,0,0,10,3500,0,2721
2022,UGA,Uganda,23.17,1405.42,4,1,3,0,0,2522,597968,0,19440
2022,ZAF,South Africa,18.42,509.75,8,0,8,0,0,579,199296,3675000,4264
2022,ZMB,Zambia,21.85,1034.15,1,0,1,0,0,3,21582,0,772
2022,ZWE,Zimbabwe,21.83,722.95,2,0,1,1,0,0,3000,0,14531
2023,AGO,Angola,21.56,1053.24,2,0,2,0,0,84,160725,0,47825
2023,BDI,Burundi,20.83,1277.43,2,0,2,0,0,21,9585,0,385845
2023,BEN,Benin,28.59,1062.45,0,0,0,0,0,0,0,0,3721
2023,BFA,Burkina Faso,29.97,821.1,0,0,0,0,0,0,0,0,145288
2023,BWA,Botswana,22.18,392.85,1,1,0,0,0,0,37000,0,1539
2023,CAF,Central African Rep.,25.43,1400.99,1,0,0,1,0,0,6066,0,777364
2023,CIV,Cote d'Ivoire,27.33,1283.01,0,0,0,0,0,0,0,0,51969
2023,CMR,Cameroon,25.02,1748.31,1,0,1,0,0,2,93260,0,161893
2023,COD,Dem. Rep. of the Congo,24.37,1539.58,3,0,3,0,0,2874,53845,10000,1146489
2023,COG,Congo,24.89,1680.45,1,0,1,0,0,23,1800000,0,24194
2023,COM,Comoros,24.37,1771.43,0,0,0,0,0,0,0,0,3115
2023,CPV,Cabo Verde,23.08,205.07,0,0,0,0,0,0,0,0,266
2023,DJI,Djibouti,28.64,237.35,0,0,0,0,0,0,0,0,3414
2023,ERI,Eritrea,26.87,274.32,0,0,0,0,0,0,0,0,673197
2023,ETH,Ethiopia,23.75,913.75,2,0,2,0,0,151,1740000,0,302034
2023,GAB,Gabon,25.25,1700.87,1,0,0,1,0,0,3000,0,1700
2023,GHA,Ghana,28.26,1278.52,2,0,2,0,0,8,41114,0,24961
2023,GIN,Guinea,26.61,1892.39,1,0,1,0,0,8,25072,0,73103
2023,GMB,Gambia,29.15,1082.16,0,0,0,0,0,0,0,0,13856
2023,GNB,Guinea-Bissau,28.7,1825.79,0,0,0,0,0,0,0,0,3240
2023,GNQ,Equatorial Guinea,24.76,2206.08,0,0,0,0,0,0,0,0,846
2023,KEN,Kenya,25.55,1050.32,3,0,3,0,0,214,857161,0,23955
2023,LBR,Liberia,25.89,2341.86,1,0,1,0,0,0,15200,0,8942
2023,LSO,Lesotho,12.83,839.14,2,1,0,1,0,2,700017,0,53
2023,MDG,Madagascar,23.09,1433.72,2,0,0,2,0,70,389870,20000,841
2023,MLI,Mali,29.71,309.75,0,0,0,0,0,0,0,0,263173
2023,MOZ,Mozambique,24.79,992.87,3,1,1,1,0,197,4620482,0,8885
2023,MUS,Mauritius,24.12,2374.53,1,0,0,1,0,1,2500,0,794
2023,MWI,Malawi,22.94,1156.89,1,0,0,1,0,1209,2269644,506710,2187
2023,NAM,Namibia,20.53,239.98,1,0,1,0,0,0,2190,0,2050
2023,NER,Niger,28.34,190.14,1,0,1,0,0,41,169651,0,40316
2023,NGA,Nigeria,27.72,1246.01,2,0,2,0,0,275,31336,0,479169
2023,RWA,Rwanda,19.51,1210.38,1,0,1,0,0,131,51982,0,279832
2023,SDN,Sudan,27.8,238.12,0,0,0,0,0,0,0,0,1752806
2023,SEN,Senegal,29.69,796.48,0,0,0,0,0,0,0,0,30704
2023,SLE,Sierra Leone,27.22,3055.72,1,0,0,1,0,15,17,0,15619
2023,SOM,Somalia,27.1,272.89,4,0,4,0,0,165,3326003,0,1085391
2023,SSD,South Sudan,28.11,965.74,0,0,0,0,0,0,0,0,2317144
2023,STP,Sao Tome and Principe,24.66,1968.7,0,0,0,0,0,0,0,0,35
2023,SWZ,Eswatini,21.06,1024.7,0,0,0,0,0,0,0,0,379
2023,SYC,Seychelles,27.57,1756.41,0,0,0,0,0,0,0,0,23
2023,TCD,Chad,27.49,363.17,0,0,0,0,0,0,0,0,51046
2023,TGO,Togo,27.92,1289.78,0,0,0,0,0,0,0,0,16147
2023,TZA,United Rep. of Tanzania,23.21,1112.32,3,0,3,0,0,51,2898500,0,3899
2023,UGA,Uganda,23.54,1298.23,1,0,1,0,0,23,1016,0,23370
2023,ZAF,South Africa,18.58,495.09,6,0,4,2,0,71,9667,0,5088
2023,ZMB,Zambia,22.07,1019.63,2,0,2,0,0,0,176608,0,957
2023,ZWE,Zimbabwe,22.09,701.61,1,0,0,1,0,2,0,0,16622
2024,AGO,Angola,21.7,1027.79,1,1,0,0,0,0,2800000,0,47763
2024,BDI,Burundi,20.27,1417.45,2,0,1,1,0,29,237830,0,388244
2024,BEN,Benin,28.58,1101.19,1,0,1,0,0,0,34052,0,4789
2024,BFA,Burkina Faso,29.95,915.9,1,0,1,0,0,0,7684,0,280776
2024,BWA,Botswana,22.54,378.31,1,0,0,1,0,0,105000,0,1580
2024,CAF,Central African Rep.,25.43,1319.98,1,0,1,0,0,0,2700,145000,715211
2024,CIV,Cote d'Ivoire,27.41,1238.93,1,0,1,0,0,26,227,0,56237
2024,CMR,Cameroon,25.12,1604.17,1,0,1,0,0,38,500008,0,169822
2024,COD,Dem. Rep. of the Congo,24.42,1503.34,3,0,2,1,0,313,2479957,0,1245023
2024,COG,Congo,25.28,1367.52,0,0,0,0,0,0,0,0,26408
2024,COM,Comoros,24.39,1854.41,1,0,0,1,0,0,64155,0,2790
2024,CPV,Cabo Verde,22.87,205.07,0,0,0,0,0,0,0,0,286
2024,DJI,Djibouti,29.29,256.63,0,0,0,0,0,0,0,0,4028
2024,ERI,Eritrea,27.26,271.67,0,0,0,0,0,0,0,0,669394
2024,ETH,Ethiopia,24.22,984.67,1,0,1,0,0,5,181548,0,326093
2024,GAB,Gabon,25.64,1650.89,1,0,1,0,0,0,13400,0,1857
2024,GHA,Ghana,28.36,1181.41,0,0,0,0,0,0,0,0,34439
2024,GIN,Guinea,26.6,1881.48,1,0,1,0,0,5,176000,0,97300
2024,GMB,Gambia,28.84,1156.52,0,0,0,0,0,0,0,0,15727
2024,GNB,Guinea-Bissau,28.48,2075.04,0,0,0,0,0,0,0,0,3167
2024,GNQ,Equatorial Guinea,25.04,2146.83,0,0,0,0,0,0,0,0,1114
2024,KEN,Kenya,25.25,726.63,4,0,4,0,0,389,325680,0,30826
2024,LBR,Liberia,25.96,2182.02,1,0,1,0,0,2,51000,0,9840
2024,LSO,Lesotho,13.21,876.28,0,0,0,0,0,0,0,0,74
2024,MDG,Madagascar,23.06,1493.8,3,0,0,3,0,32,251144,50000,908
2024,MLI,Mali,29.71,377.55,1,0,1,0,0,92,380154,165000,372557
2024,MOZ,Mozambique,25.18,859.32,2,0,0,2,0,122,548164,0,9067
2024,MUS,Mauritius,23.88,1992.54,1,0,0,1,0,2,100000,0,894
2024,MWI,Malawi,23.24,973.27,4,1,2,1,0,30,6208023,400000,3354
2024,NAM,Namibia,20.89,217.58,1,1,0,0,0,0,1655000,0,1543
2024,NER,Niger,28.19,239.76,1,0,1,0,0,396,1527058,225000,54899
2024,NGA,Nigeria,27.65,1293.2,3,0,2,1,0,359,1791976,225000,554920
2024,RWA,Rwanda,18.91,1310.71,1,0,1,0,0,14,27,0,282225
2024,SDN,Sudan,27.74,237.28,1,0,1,0,0,132,317107,0,2778690
2024,SEN,Senegal,29.42,797.78,1,0,1,0,0,0,55600,0,52696
2024,SLE,Sierra Leone,27.0,2656.43,1,0,1,0,0,0,23596,0,16935
2024,SOM,Somalia,27.3,287.44,1,0,1,0,0,9,226000,0,1131424
2024,SSD,South Sudan,28.24,959.18,1,0,1,0,0,0,1400000,0,2323533
2024,STP,Sao Tome and Principe,24.81,2048.08,0,0,0,0,0,0,0,0,25
2024,SWZ,Eswatini,21.42,745.3,0,0,0,0,0,0,0,0,693
2024,SYC,Seychelles,27.64,2013.9,0,0,0,0,0,0,0,0,28
2024,TCD,Chad,27.41,383.46,2,0,2,0,0,577,1945674,380000,42973
2024,TGO,Togo,28.05,1191.48,1,0,1,0,0,0,12700,0,17936
2024,TZA,United Rep. of Tanzania,23.02,1180.08,3,0,2,1,0,169,208151,185000,5169
2024,UGA,Uganda,23.14,1246.19,2,0,1,1,0,91,57838,0,28695
2024,ZAF,South Africa,18.99,417.47,5,0,3,2,0,91,72174,60000,6087
2024,ZMB,Zambia,22.28,1018.32,1,1,0,0,0,0,9800000,2261,1325
2024,ZWE,Zimbabwe,22.53,627.19,1,1,0,0,0,0,7600000,500000,18388
2025,AGO,Angola,21.52,1068.87,0,0,0,0,0,0,0,0,44514
2025,BDI,Burundi,20.09,962.12,0,0,0,0,0,0,0,0,388342
2025,BEN,Benin,28.52,964.7,1,0,0,1,0,0,1368,0,4687
2025,BFA,Burkina Faso,29.83,845.79,0,0,0,0,0,0,0,0,421031
2025,BWA,Botswana,22.21,410.85,1,0,1,0,0,9,190343,0,1173
2025,CAF,Central African Rep.,25.65,1362.28,1,0,1,0,0,0,2500,0,760437
2025,CIV,Cote d'Ivoire,27.2,1296.6,0,0,0,0,0,0,0,0,57558
2025,CMR,Cameroon,25.11,1603.55,0,0,0,0,0,0,0,0,178755
2025,COD,Dem. Rep. of the Congo,24.3,1541.57,6,0,6,0,0,374,283464,0,1363996
2025,COG,Congo,24.99,1654.48,1,0,0,1,0,0,61555,0,22622
2025,COM,Comoros,24.14,1856.25,0,0,0,0,0,0,0,0,2749
2025,CPV,Cabo Verde,22.54,205.07,1,0,1,0,0,17,119000,0,94
2025,DJI,Djibouti,28.71,180.06,0,0,0,0,0,0,0,0,3642
2025,ERI,Eritrea,26.78,274.41,0,0,0,0,0,0,0,0,677081
2025,ETH,Ethiopia,23.58,804.9,1,0,0,1,0,1,38624,0,316187
2025,GAB,Gabon,25.39,1633.0,0,0,0,0,0,0,0,0,1385
2025,GHA,Ghana,28.14,1180.3,0,0,0,0,0,0,0,0,38986
2025,GIN,Guinea,26.21,1852.08,1,0,0,1,0,15,10,0,104447
2025,GMB,Gambia,28.4,1104.14,2,0,2,0,0,9,21377,0,13467
2025,GNB,Guinea-Bissau,28.03,1718.86,1,0,0,1,0,0,3032,0,3155
2025,GNQ,Equatorial Guinea,24.95,2389.9,1,0,1,0,0,0,23115,0,775
2025,KEN,Kenya,24.87,723.98,1,1,0,0,0,0,2150000,0,21098
2025,LBR,Liberia,25.68,2426.85,0,0,0,0,0,0,0,0,9211
2025,LSO,Lesotho,13.05,904.92,0,0,0,0,0,0,0,0,58
2025,MDG,Madagascar,22.87,1493.17,8,1,2,5,0,24,1277838,10000,1008
2025,MLI,Mali,29.55,353.59,0,0,0,0,0,0,0,0,543524
2025,MOZ,Mozambique,24.59,1297.77,3,0,0,3,0,223,2028686,220000,7326
2025,MUS,Mauritius,24.01,1911.35,0,0,0,0,0,0,0,0,722
2025,MWI,Malawi,22.69,1413.2,3,0,1,2,0,84,250598,0,2330
2025,NAM,Namibia,20.63,363.15,1,0,1,0,0,16,0,0,1043
2025,NER,Niger,28.38,194.55,1,0,1,0,0,110,268215,0,107311
2025,NGA,Nigeria,27.71,1186.29,4,0,4,0,0,1390,427406,30000,534473
2025,RWA,Rwanda,18.76,937.3,0,0,0,0,0,0,0,0,276540
2025,SDN,Sudan,27.54,238.27,1,0,1,0,0,32,10000,0,3763749
2025,SEN,Senegal,28.99,801.51,0,0,0,0,0,0,0,0,52067
2025,SLE,Sierra Leone,26.73,2530.58,1,0,1,0,0,0,11080,0,17591
2025,SOM,Somalia,26.89,280.95,3,1,2,0,0,18,6629010,0,1128641
2025,SSD,South Sudan,27.73,966.75,1,0,1,0,0,20,960000,0,2510554
2025,STP,Sao Tome and Principe,24.76,2153.84,0,0,0,0,0,0,0,0,28
2025,SWZ,Eswatini,21.16,904.58,0,0,0,0,0,0,0,0,692
2025,SYC,Seychelles,27.55,1239.01,0,0,0,0,0,0,0,0,31
2025,TCD,Chad,27.46,377.83,1,0,1,0,0,22,123019,0,32501
2025,TGO,Togo,27.8,1126.98,0,0,0,0,0,0,0,0,18017
2025,TZA,United Rep. of Tanzania,22.67,976.07,2,0,1,1,0,26,11001,0,4369
2025,UGA,Uganda,22.85,1203.88,1,0,1,0,0,5,15050,0,24210
2025,ZAF,South Africa,18.9,511.92,2,0,1,1,0,127,20705,0,3899
2025,ZMB,Zambia,21.87,1034.7,1,0,1,0,0,0,25000,0,891
2025,ZWE,Zimbabwe,21.83,832.25,0,0,0,0,0,0,0,0,13016
